"isqno","attacker","cdb13_actors","commanders","uri"
1,0,"Dutch Republic","MAURICE OF NASSAU","http://en.wikipedia.org/wiki/Maurits_of_Nassau"
1,1,"Spain","ALBERT OF AUSTRIA","http://en.wikipedia.org/wiki/Archduke_Albert_(1559-1621)"
2,0,"Bohemia","CHRISTIAN OF ANHALT-BERNBERG","http://en.wikipedia.org/wiki/Christian_of_Anhalt"
2,1,"Holy Roman Empire","BUCQUOI","http://en.wikipedia.org/wiki/Charles_Bonaventure_de_Longueval,_Count_of_Bucquoy"
3,0,"Protestant Union","BADEN-DURLACH","http://en.wikipedia.org/wiki/Georg_Friedrich_of_Baden-Durlach"
3,1,"Holy Roman Empire & Spain","TILLY","http://en.wikipedia.org/wiki/Johann_Tserclaes,_Count_of_Tilly"
3,1,"Holy Roman Empire & Spain","CORDOVA","http://en.wikipedia.org/wiki/Gonzalo_Fern%C3%A1ndez_de_C%C3%B3rdoba_(1585%E2%80%931645)"
4,0,"Holy Roman Empire","WALLENSTEIN","http://en.wikipedia.org/wiki/Albrecht_von_Wallenstein"
4,1,"Protestant Union","MANSFIELD","http://en.wikipedia.org/wiki/Ernst_von_Mansfeld"
5,0,"Denmark","CHRISTIAN IV","http://en.wikipedia.org/wiki/Christian_IV_of_Denmark"
5,1,"Holy Roman Empire","TILLY","http://en.wikipedia.org/wiki/Johan_Tzerclaes,_Count_of_Tilly"
6,0,"Sweden","GUSTAVUS ADOLPHUS","http://en.wikipedia.org/wiki/Gustavus_Adolphus_of_Sweden"
6,1,"Holy Roman Empire","TILLY","http://en.wikipedia.org/wiki/Johan_Tzerclaes,_Count_of_Tilly"
7,0,"Holy Roman Empire","TILLY","http://en.wikipedia.org/wiki/Johan_Tzerclaes,_Count_of_Tilly"
7,1,"Sweden","GUSTAVUS ADOLPHUS","http://en.wikipedia.org/wiki/Gustavus_Adolphus_of_Sweden"
8,0,"Holy Roman Empire","WALLENSTEIN","http://en.wikipedia.org/wiki/Albrecht_von_Wallenstein"
8,1,"Sweden","GUSTAVUS ADOLPHUS","http://en.wikipedia.org/wiki/Gustavus_Adolphus_of_Sweden"
9,0,"Holy Roman Empire","WALLENSTEIN","http://en.wikipedia.org/wiki/Albrecht_von_Wallenstein"
9,1,"Sweden","GUSTAVUS ADOLPHUS","http://en.wikipedia.org/wiki/Gustavus_Adolphus_of_Sweden"
10,0,"Spain & Holy Roman Empire","CARDINAL-INFANTE","http://en.wikipedia.org/wiki/Cardinal-Infante_Ferdinand"
10,0,"Spain & Holy Roman Empire","FERDINAND","http://en.wikipedia.org/wiki/Ferdinand_III,_Holy_Roman_Emperor"
10,1,"Sweden","SAXE-WEIMAR","http://en.wikipedia.org/wiki/Gustav_Horn,_Count_of_Pori"
10,1,"Sweden","HORN","http://en.wikipedia.org/wiki/Bernhard_of_Saxe-Weimar"
11,0,"Holy Roman Empire & Saxony","HATZFELD","?"
11,0,"Holy Roman Empire & Saxony","JOHN GEORGE","http://en.wikipedia.org/wiki/John_George_I,_Elector_of_Saxony"
11,1,"Sweden","BANER","http://en.wikipedia.org/wiki/Johan_Ban%C3%A9r"
12,0,"Holy Roman Empire","LEOPOLD WILLIAM","http://en.wikipedia.org/wiki/Archduke_Leopold_Wilhelm_of_Austria"
12,1,"Sweden","TORTENSSON","http://en.wikipedia.org/wiki/Lennart_Torstenson"
13,0,"Spain","MELLO","http://en.wikipedia.org/wiki/Francisco_de_Melo"
13,1,"France","ENGHIEN","http://en.wikipedia.org/wiki/Louis_II_de_Bourbon,_Prince_de_Cond%C3%A9"
14,0,"France","RANTZAU","?"
14,1,"Holy Roman Empire","MERCY","http://en.wikipedia.org/wiki/Franz_von_Mercy"
15,0,"Holy Roman Empire","MERCY","http://en.wikipedia.org/wiki/Franz_von_Mercy"
15,1,"France","CONDE","http://en.wikipedia.org/wiki/Louis_II_de_Bourbon,_Prince_de_Cond%C3%A9"
15,1,"France","TURENNE","http://en.wikipedia.org/wiki/Henri_de_la_Tour_d%27Auvergne,_Vicomte_de_Turenne"
16,0,"Sweden","TORSTENSSON","http://en.wikipedia.org/wiki/Lennart_Torstenson"
16,1,"Holy Roman Empire","HATZFELD","?"
17,0,"France","TURENNE","http://en.wikipedia.org/wiki/Henri_de_la_Tour_d%27Auvergne,_Vicomte_de_Turenne"
17,1,"Holy Roman Empire","MERCY","http://en.wikipedia.org/wiki/Franz_von_Mercy"
17,1,"Holy Roman Empire","WERTH","http://en.wikipedia.org/wiki/Johann_von_Werth"
18,0,"Holy Roman Empire","MERCY","http://en.wikipedia.org/wiki/Franz_von_Mercy"
18,0,"Holy Roman Empire","WERTH","http://en.wikipedia.org/wiki/Johann_von_Werth"
18,1,"France","CONDE","http://en.wikipedia.org/wiki/Louis_II_de_Bourbon,_Prince_de_Cond%C3%A9"
19,0,"Holy Roman Empire","LEOPOLD WILLIAM","http://en.wikipedia.org/wiki/Archduke_Leopold_Wilhelm_of_Austria"
19,1,"France","CONDE","http://en.wikipedia.org/wiki/Louis_II_de_Bourbon,_Prince_de_Cond%C3%A9"
20,0,"Parliamentarian","ESSEX","http://en.wikipedia.org/wiki/Robert_Devereux,_3rd_Earl_of_Essex"
20,1,"Royalist","CHARLES I","http://en.wikipedia.org/wiki/Charles_I_of_England"
21,0,"Royalist","RUPERT","http://en.wikipedia.org/wiki/Prince_Rupert_of_the_Rhine"
21,1,"Royalist","MANCHESTER","http://en.wikipedia.org/wiki/Edward_Montagu,_2nd_Earl_of_Manchester"
22,0,"Royalist","MONTROSE","http://en.wikipedia.org/wiki/James_Graham,_1st_Marquess_of_Montrose"
22,1,"Parliamentarian","ELCHO","http://en.wikipedia.org/wiki/Earl_of_Wemyss"
23,0,"Parliamentarian","BAILLIE","http://en.wikipedia.org/wiki/William_Baillie_(soldier)"
23,1,"Royalist","MONTROSE","http://en.wikipedia.org/wiki/James_Graham,_1st_Marquess_of_Montrose"
24,0,"Royalist","CHARLES I","http://en.wikipedia.org/wiki/Charles_I_of_England"
24,1,"Parliamentarian","MANCHESTER","http://en.wikipedia.org/wiki/Edward_Montagu,_2nd_Earl_of_Manchester"
25,0,"Parliamentarian","FAIRFAX","http://en.wikipedia.org/wiki/Thomas_Fairfax,_3rd_Lord_Fairfax_of_Cameron"
25,1,"Royalist","CHARLES I","http://en.wikipedia.org/wiki/Charles_I_of_England"
26,0,"Scottish Royalist","HAMILTON","http://en.wikipedia.org/wiki/James_Hamilton,_3rd_Marquess_and_1st_Duke_of_Hamilton"
26,1,"English Parliament","CROMWELL","http://en.wikipedia.org/wiki/Oliver_Cromwell"
27,0,"Scottish Royalist","LESLIE","http://en.wikipedia.org/wiki/David_Leslie_(Scottish_general)"
27,1,"English Parliament","CROMWELL","http://en.wikipedia.org/wiki/Oliver_Cromwell"
28,0,"Scottish Royalist","CHARLES II","http://en.wikipedia.org/wiki/Charles_II_of_England"
28,1,"English Parliament","CROMWELL","http://en.wikipedia.org/wiki/Oliver_Cromwell"
29,0,"Conde Rebels","CONDE","http://en.wikipedia.org/wiki/Louis,_Grand_Cond%C3%A9"
29,1,"France","TURENNE","http://en.wikipedia.org/wiki/Henri_de_la_Tour_d%27Auvergne,_Vicomte_de_Turenne"
30,0,"Spain","DON JUAN","http://en.wikipedia.org/wiki/Juan_Jos%C3%A9_de_Austria"
30,1,"France","TURENNE","http://en.wikipedia.org/wiki/Henri_de_la_Tour_d%27Auvergne,_Vicomte_de_Turenne"
31,0,"Holy Roman Empire","MONTECUCCOLI","http://en.wikipedia.org/wiki/Raimondo_Montecuccoli"
31,1,"Ottoman Empire","AHMED KOPRULU","http://en.wikipedia.org/wiki/Ahmed_K%C3%B6pr%C3%BCl%C3%BC"
32,0,"Ottoman Empire","KARA MUSTAFA","http://en.wikipedia.org/wiki/Kara_Mustafa_Pasha"
32,1,"Holy Roman Empire","LORRAINE","http://en.wikipedia.org/wiki/Jan_III_Sobieski"
32,1,"Holy Roman Empire","SOBIESKI","http://en.wikipedia.org/wiki/Charles_V,_Duke_of_Lorraine"
33,0,"Ottoman Empire","HUSSEIN PASHA","?"
33,1,"Poland","SOBIESKI","http://en.wikipedia.org/wiki/John_III_Sobieski"
34,0,"Holy Roman Empire","CAPARA","http://en.wikipedia.org/wiki/Aeneas_de_Caprara"
34,1,"France","TURENNE","http://en.wikipedia.org/wiki/Henri_de_la_Tour_d%27Auvergne,_Vicomte_de_Turenne"
35,0,"Dutch Republic","ORANGE","http://en.wikipedia.org/wiki/William_III_of_England"
35,1,"France","CONDE","http://en.wikipedia.org/wiki/Louis_II_de_Bourbon,_Prince_de_Cond%C3%A9"
36,0,"Holy Roman Empire","BOURNONVILLE","http://en.wikipedia.org/wiki/Alexander_von_Bournonville"
36,1,"France","TURENNE","http://en.wikipedia.org/wiki/Henri_de_la_Tour_d%27Auvergne,_Vicomte_de_Turenne"
37,0,"Holy Roman Empire","BOURNONVILLE","http://en.wikipedia.org/wiki/Alexander_von_Bournonville"
37,1,"France","TURENNE","http://en.wikipedia.org/wiki/Henri_de_la_Tour_d%27Auvergne,_Vicomte_de_Turenne"
38,0,"Sweden","WRANGEL","?"
38,1,"Prussia","FREDERICK WILLIAM","http://en.wikipedia.org/wiki/Frederick_William,_Elector_of_Brandenburg"
39,0,"England","FEVERSHAM","http://en.wikipedia.org/wiki/Louis_de_Duras,_2nd_Earl_of_Feversham"
39,1,"English Rebels","MONMOUTH","http://en.wikipedia.org/wiki/James_Scott,_1st_Duke_of_Monmouth"
40,0,"England","MACKAY","http://en.wikipedia.org/wiki/Hugh_Mackay"
40,1,"Jacobites","DUNDEE","http://en.wikipedia.org/wiki/John_Graham,_1st_Viscount_of_Dundee"
41,0,"Dutch Republic","WALDECK","http://en.wikipedia.org/wiki/Prince_Georg_Friedrich_of_Waldeck"
41,1,"France","D'HUMIERES","http://en.wikipedia.org/wiki/Louis_de_Crevant,_Duke_of_Humi%C3%A8res"
42,0,"Dutch Republic","WALDECK","http://en.wikipedia.org/wiki/Prince_Georg_Friedrich_of_Waldeck"
42,1,"France","LUXEMBOURG","http://en.wikipedia.org/wiki/Fran%C3%A7ois-Henri_de_Montmorency,_duc_de_Luxembourg"
43,0,"Jacobites","JAMES II","http://en.wikipedia.org/wiki/James_II_of_England"
43,1,"England","WILLIAM III","http://en.wikipedia.org/wiki/William_III_of_England"
44,0,"Jacobites","ST. RUTH","http://en.wikipedia.org/wiki/Marquis_de_St_Ruth"
44,1,"England","GINCKEL","http://en.wikipedia.org/wiki/Godert_de_Ginkell,_1st_Earl_of_Athlone"
45,0,"France","LUXEMBOURG","http://en.wikipedia.org/wiki/Fran%C3%A7ois-Henri_de_Montmorency,_duc_de_Luxembourg"
45,1,"England","WILLIAM III","http://en.wikipedia.org/wiki/William_III_of_England"
46,0,"England","WILLIAM III","http://en.wikipedia.org/wiki/William_III_of_England"
46,1,"France","LUXEMBOURG","http://en.wikipedia.org/wiki/Fran%C3%A7ois-Henri_de_Montmorency,_duc_de_Luxembourg"
47,0,"Savoy","DUKE OF SAVOY","http://en.wikipedia.org/wiki/Victor_Amadeus_II_of_Savoy"
47,1,"France","CATINAT","http://en.wikipedia.org/wiki/Nicolas_Catinat"
48,0,"Ottoman Empire","MUSTAFA II","http://en.wikipedia.org/wiki/Mustafa_II"
48,1,"Holy Roman Empire","EUGENE","http://en.wikipedia.org/wiki/Prince_Eugene_of_Savoy"
49,0,"Russia","PETER THE GREAT","http://en.wikipedia.org/wiki/Peter_the_Great"
49,1,"Sweden","CHARLES XII","http://en.wikipedia.org/wiki/Charles_XII"
50,0,"France & Bavaria","TALLARD","http://en.wikipedia.org/wiki/Camille_d%27Hostun,_duc_de_Tallard"
50,0,"France & Bavaria","MARSIN","http://en.wikipedia.org/wiki/Ferdinand_de_Marsin"
50,0,"France & Bavaria","MAX EMMANUEL OF BAVARIA","http://en.wikipedia.org/wiki/Maximilian_II_Emanuel,_Elector_of_Bavaria"
50,1,"England & Holy Roman Empire","MARLBOROUGH","http://en.wikipedia.org/wiki/John_Churchill,_1st_Duke_of_Marlborough"
50,1,"England & Holy Roman Empire","EUGENE","http://en.wikipedia.org/wiki/Prince_Eugene_of_Savoy"
51,0,"France & Bavaria","VILLEROY","http://en.wikipedia.org/wiki/Fran%C3%A7ois_de_Neufville,_duc_de_Villeroi"
51,0,"France & Bavaria","MAX EMMANUEL OF BAVARIA","http://en.wikipedia.org/wiki/Maximilian_II_Emanuel,_Elector_of_Bavaria"
51,1,"England","MARLBOROUGH","http://en.wikipedia.org/wiki/John_Churchill,_1st_Duke_of_Marlborough"
52,0,"France","VENDOME","http://en.wikipedia.org/wiki/Louis_Joseph,_duc_de_Vend%C3%B4me"
52,0,"France","BURGUNDY","http://en.wikipedia.org/wiki/Louis,_Dauphin_of_France_(1682-1712)"
52,1,"England & Holy Roman Empire","MARLBOROUGH","http://en.wikipedia.org/wiki/John_Churchill,_1st_Duke_of_Marlborough"
52,1,"England & Holy Roman Empire","EUGENE","http://en.wikipedia.org/wiki/Prince_Eugene_of_Savoy"
53,0,"France","VILLARS","http://en.wikipedia.org/wiki/Claude-Louis-Hector_de_Villars"
53,0,"France","BOUFFLERS","http://en.wikipedia.org/wiki/Louis_Fran%C3%A7ois_Boufflers"
53,1,"England & Holy Roman Empire","MARLBOROUGH","http://en.wikipedia.org/wiki/John_Churchill,_1st_Duke_of_Marlborough"
53,1,"England & Holy Roman Empire","EUGENE","http://en.wikipedia.org/wiki/Prince_Eugene_of_Savoy"
54,0,"Ottoman Empire","ALI PASHA","http://en.wikipedia.org/wiki/Silahdar_Damat_Ali_Pasha"
54,1,"Habsburg Empire","EUGENE","http://en.wikipedia.org/wiki/Prince_Eugene_of_Savoy"
55,0,"Prussia","FREDERICK II","http://en.wikipedia.org/wiki/Frederick_II_of_Prussia"
55,1,"Habsburg Empire","NEIPPERG","http://en.wikipedia.org/wiki/Wilhelm_Reinhard_von_Neipperg"
56,0,"Prussia","FREDERICK II","http://en.wikipedia.org/wiki/Frederick_II_of_Prussia"
56,1,"Habsburg Empire","LORRAINE","http://en.wikipedia.org/wiki/Prince_Charles_Alexander_of_Lorraine"
57,0,"France","NOAILLES","http://en.wikipedia.org/wiki/Adrien-Maurice,_3rd_duc_de_Noailles"
57,1,"Great Britain","GEORGE II","http://en.wikipedia.org/wiki/George_II_of_Great_Britain"
58,0,"France","SAXE","http://en.wikipedia.org/wiki/Maurice_de_Saxe"
58,1,"Great Britain","CUMBERLAND","http://en.wikipedia.org/wiki/Prince_William,_Duke_of_Cumberland"
59,0,"Habsburg Empire","LORRAINE","http://en.wikipedia.org/wiki/Prince_Charles_Alexander_of_Lorraine"
59,1,"Prussia","FREDERICK II","http://en.wikipedia.org/wiki/Frederick_the_Great"
60,0,"Habsburg Empire","LORRAINE","http://en.wikipedia.org/wiki/Prince_Charles_Alexander_of_Lorraine"
60,1,"Prussia","FREDERICK II","http://en.wikipedia.org/wiki/Frederick_the_Great"
61,0,"Saxony","RUTKOWSKI","http://en.wikipedia.org/wiki/Frederick_Augustus_Rutowsky"
61,1,"Prussia","ANHALT-DESSAU","http://en.wikipedia.org/wiki/Leopold_I,_Prince_of_Anhalt-Dessau"
62,0,"Great Britain","COPE","http://en.wikipedia.org/wiki/John_Cope_(British_Army_officer)"
62,1,"Jacobites","PRINCE CHARLES EDWARD","http://en.wikipedia.org/wiki/Charles_Edward_Stuart"
63,0,"Great Britain","CUMBERLAND","http://en.wikipedia.org/wiki/Prince_William,_Duke_of_Cumberland"
63,1,"Jacobites","PRINCE CHARLES EDWARD","http://en.wikipedia.org/wiki/Charles_Edward_Stuart"
64,0,"Austria","BROWNE","http://en.wikipedia.org/wiki/Maximilian_Ulysses_Reichsgraf_von_Browne"
64,1,"Prussia","FREDERICK II","http://en.wikipedia.org/wiki/Frederick_the_Great"
65,0,"Austria","LORRAINE","http://en.wikipedia.org/wiki/Prince_Charles_Alexander_of_Lorraine"
65,1,"Prussia","FREDERICK II","http://en.wikipedia.org/wiki/Frederick_the_Great"
66,0,"Great Britain","CLIVE","http://en.wikipedia.org/wiki/Robert_Clive,_1st_Baron_Clive"
66,1,"Bengal","SIRAJ UD-DAULA","http://en.wikipedia.org/wiki/Siraj_ud-Daulah"
67,0,"Austria","DAUN","http://en.wikipedia.org/wiki/Leopold_Josef_Graf_Daun"
67,1,"Prussia","FREDERICK II","http://en.wikipedia.org/wiki/Frederick_the_Great"
68,0,"Great Britain","DUKE OF CUMBERLAND","http://en.wikipedia.org/wiki/Prince_William,_Duke_of_Cumberland"
68,1,"France","ESTREES","http://en.wikipedia.org/wiki/Louis_Charles_d%27Estr%C3%A9es"
69,0,"Prussia","FREDERICK II","http://en.wikipedia.org/wiki/Frederick_the_Great"
69,1,"France & Austria","SOUBISE","http://en.wikipedia.org/wiki/Charles_de_Rohan,_prince_de_Soubise"
69,1,"France & Austria","SAXE-HILDBURGHAUSEN","http://en.wikipedia.org/wiki/Prince_Joseph_of_Saxe-Hildburghausen"
70,0,"Austria","LORRAINE","http://en.wikipedia.org/wiki/Prince_Charles_Alexander_of_Lorraine"
70,1,"Prussia","FREDERICK II","http://en.wikipedia.org/wiki/Frederick_the_Great"
71,0,"France","CLERMONT","http://en.wikipedia.org/wiki/Louis_de_Bourbon_(1709%E2%80%931771)"
71,1,"Hanover","FERDINAND","http://en.wikipedia.org/wiki/Duke_Ferdinand_of_Brunswick"
72,0,"Russia","FERMOR","http://en.wikipedia.org/wiki/William_Fermor"
72,1,"Prussia","FREDERICK II","http://en.wikipedia.org/wiki/Frederick_the_Great"
73,0,"Prussia","FREDERICK II","http://en.wikipedia.org/wiki/Frederick_the_Great"
73,1,"Austria","DAUN","http://en.wikipedia.org/wiki/Count_Leopold_Joseph_von_Daun"
74,0,"France","BROGLIE","http://en.wikipedia.org/wiki/Victor-Fran%C3%A7ois,_2nd_duc_de_Broglie"
74,1,"Hanover","BRUNSWICK","http://en.wikipedia.org/wiki/Duke_Ferdinand_of_Brunswick"
75,0,"France","CONTADES","http://en.wikipedia.org/wiki/Louis_Georges_%C3%89rasme_de_Contades"
75,1,"Hanover","BRUNSWICK","http://en.wikipedia.org/wiki/Duke_Ferdinand_of_Brunswick"
76,0,"Russia","SALTYKOV","http://en.wikipedia.org/wiki/Pyotr_Saltykov"
76,1,"Prussia","FREDERICK II","http://en.wikipedia.org/wiki/Frederick_the_Great"
77,0,"Great Britain","WOLFE","http://en.wikipedia.org/wiki/James_Wolfe"
77,1,"France","MONTCALM","http://en.wikipedia.org/wiki/Louis-Joseph_de_Montcalm"
78,0,"Prussia","FINCK","http://en.wikipedia.org/wiki/Friedrich_August_von_Finck"
78,1,"Austria","DAUN","http://en.wikipedia.org/wiki/Count_Leopold_Joseph_von_Daun"
79,0,"France","MUY",""
79,1,"Hanover","BRUNSWICK","http://en.wikipedia.org/wiki/Duke_Ferdinand_of_Brunswick"
80,0,"Prussia","FREDERICK II","http://en.wikipedia.org/wiki/Frederick_the_Great"
80,1,"Austria","DAUN","http://en.wikipedia.org/wiki/Ernst_Gideon_Freiherr_von_Laudon"
80,1,"Austria","LAUDON","http://en.wikipedia.org/wiki/Count_Leopold_Joseph_von_Daun"
81,0,"Austria","DAUN","http://en.wikipedia.org/wiki/Count_Leopold_Joseph_von_Daun"
81,1,"Prussia","FREDERICK II","http://en.wikipedia.org/wiki/Frederick_the_Great"
82,0,"USA","PRESCOTT","http://en.wikipedia.org/wiki/William_Prescott"
82,1,"Great Britain","GAGE","http://en.wikipedia.org/wiki/Thomas_Gage"
83,0,"Great Britain","CARLETON","http://en.wikipedia.org/wiki/Guy_Carleton,_1st_Baron_Dorchester"
83,1,"USA","MONTGOMERY","http://en.wikipedia.org/wiki/Richard_Montgomery"
84,0,"USA","WASHINGTON","http://en.wikipedia.org/wiki/William_Howe,_5th_Viscount_Howe"
84,1,"Great Britain","HOWE","http://en.wikipedia.org/wiki/William_Howe,_5th_Viscount_Howe"
85,0,"Great Britain","RALL","http://en.wikipedia.org/wiki/Johann_Rall"
85,1,"USA","WASHINGTON","http://en.wikipedia.org/wiki/William_Howe,_5th_Viscount_Howe"
86,0,"Great Britain","MAWHOOD","http://en.wikipedia.org/wiki/Charles_Mawhood"
86,1,"USA","WASHINGTON","http://en.wikipedia.org/wiki/William_Howe,_5th_Viscount_Howe"
87,0,"USA","GATES","http://en.wikipedia.org/wiki/Horatio_Gates"
87,1,"Great Britain","BURGOYNE","http://en.wikipedia.org/wiki/John_Burgoyne"
88,0,"Great Britain","HOWE","http://en.wikipedia.org/wiki/William_Howe,_5th_Viscount_Howe"
88,1,"USA","WASHINGTON","http://en.wikipedia.org/wiki/William_Howe,_5th_Viscount_Howe"
89,0,"USA","GATES","http://en.wikipedia.org/wiki/Horatio_Gates"
89,1,"Great Britain","BURGOYNE","http://en.wikipedia.org/wiki/John_Burgoyne"
90,0,"USA","WASHINGTON","http://en.wikipedia.org/wiki/William_Howe,_5th_Viscount_Howe"
90,1,"Great Britain","CLINTON","http://en.wikipedia.org/wiki/Henry_Clinton_(American_War_of_Independence)"
91,0,"USA","GATES","http://en.wikipedia.org/wiki/Horatio_Gates"
91,1,"Great Britain","CORNWALLIS","http://en.wikipedia.org/wiki/Charles_Cornwallis"
92,0,"USA","MORGAN",""
92,1,"Great Britain","TARLETON","http://en.wikipedia.org/wiki/Banastre_Tarleton"
93,0,"USA","GREENE","http://en.wikipedia.org/wiki/Nathanael_Greene"
93,1,"Great Britain","CORNWALLIS","http://en.wikipedia.org/wiki/Charles_Cornwallis"
94,0,"USA","GREENE","http://en.wikipedia.org/wiki/Nathanael_Greene"
94,1,"Great Britain","RAWDON","http://en.wikipedia.org/wiki/Francis_Rawdon-Hastings,_1st_Marquess_of_Hastings"
95,0,"Great Britain","STEWART",""
95,1,"USA","GREENE","http://en.wikipedia.org/wiki/Nathanael_Greene"
96,0,"France","DUMOURIEZ","http://en.wikipedia.org/wiki/Charles_Fran%C3%A7ois_Dumouriez"
96,1,"Prussia","BRUNSWICK","http://en.wikipedia.org/wiki/Charles_William_Ferdinand,_Duke_of_Brunswick"
97,0,"Austria","TESCHEN","http://en.wikipedia.org/wiki/Albert_of_Saxe-Teschen"
97,1,"France","DUMOURIEZ","http://en.wikipedia.org/wiki/Charles_Fran%C3%A7ois_Dumouriez"
98,0,"Austria","SAXE-COBURG","http://en.wikipedia.org/wiki/Prince_Josias_of_Coburg"
98,1,"France","DUMOURIEZ","http://en.wikipedia.org/wiki/Charles_Fran%C3%A7ois_Dumouriez"
99,0,"Great Britain","YORK","http://en.wikipedia.org/wiki/Prince_Frederick,_Duke_of_York_and_Albany"
99,1,"France","HOUCHARD","http://en.wikipedia.org/wiki/Jean_Nicolas_Houchard"
100,0,"Austria","SAXE-COBURG","http://en.wikipedia.org/wiki/Prince_Josias_of_Coburg"
100,1,"France","JOURDAN","http://en.wikipedia.org/wiki/Jean-Baptiste_Jourdan"
101,0,"France","JOURDAN","http://en.wikipedia.org/wiki/Jean-Baptiste_Jourdan"
101,1,"Austria","SAXE-COBURG","http://en.wikipedia.org/wiki/Prince_Josias_of_Coburg"
102,0,"Austria","BEAULIEU","http://en.wikipedia.org/wiki/Johann_Peter_Beaulieu"
102,1,"France","BONAPARTE","http://en.wikipedia.org/wiki/Napoleon_I_of_France"
103,0,"Austria","WURMSER","http://en.wikipedia.org/wiki/Dagobert_Sigmund_von_Wurmser"
103,1,"France","BONAPARTE","http://en.wikipedia.org/wiki/Napoleon_I_of_France"
104,0,"France","MOREAU","http://en.wikipedia.org/wiki/Jean_Victor_Marie_Moreau"
104,1,"Austria","ARCHDUKE CHARLES","http://en.wikipedia.org/wiki/Archduke_Charles,_Duke_of_Teschen"
105,0,"France","JOURDAN","http://en.wikipedia.org/wiki/Jean-Baptiste_Jourdan"
105,1,"Austria","ARCHDUKE CHARLES","http://en.wikipedia.org/wiki/Archduke_Charles,_Duke_of_Teschen"
106,0,"Austria","ALVINTZI","http://en.wikipedia.org/wiki/Jozsef_Alvinczi"
106,1,"France","BONAPARTE","http://en.wikipedia.org/wiki/Napoleon_I_of_France"
107,0,"France","BONAPARTE","http://en.wikipedia.org/wiki/Napoleon_I_of_France"
107,1,"Austria","ALVINTZI","http://en.wikipedia.org/wiki/Jozsef_Alvinczi"
108,0,"Ottoman Empire","MURAD BEY","http://en.wikipedia.org/wiki/Murad_Bey"
108,1,"France","BONAPARTE","http://en.wikipedia.org/wiki/Napoleon_I_of_France"
109,0,"Austria","ARCHDUKE CHARLES","http://en.wikipedia.org/wiki/Archduke_Charles,_Duke_of_Teschen"
109,1,"France","JOURDAN","http://en.wikipedia.org/wiki/Jean-Baptiste_Jourdan"
110,0,"France","BONAPARTE","http://en.wikipedia.org/wiki/Napoleon_I_of_France"
110,1,"Ottoman Empire","ABDALLAH PASHA","http://en.wikipedia.org/wiki/Jezzar_Pasha"
111,0,"France","MASSENA","http://en.wikipedia.org/wiki/Andr%C3%A9_Mass%C3%A9na"
111,1,"Austria","ARCHDUKE CHARLES","http://en.wikipedia.org/wiki/Archduke_Charles,_Duke_of_Teschen"
112,0,"France","JOUBERT","http://en.wikipedia.org/wiki/Barth%C3%A9lemy_Catherine_Joubert"
112,0,"France","MOREAU","http://en.wikipedia.org/wiki/Jean_Victor_Marie_Moreau"
112,1,"Russia","SUVAROV","http://en.wikipedia.org/wiki/Alexander_Suvorov"
113,0,"Russia","KORSAKOV","http://en.wikipedia.org/wiki/Alexander_Korsakov"
113,1,"France","MASSENA","http://en.wikipedia.org/wiki/Andr%C3%A9_Mass%C3%A9na"
114,0,"Austria","KRAY",""
114,1,"France","MOREAU","http://en.wikipedia.org/wiki/Jean_Victor_Marie_Moreau"
115,0,"France","BONAPARTE","http://en.wikipedia.org/wiki/Napoleon_I_of_France"
115,1,"Austria","MELAS","http://en.wikipedia.org/wiki/Michael_von_Melas"
116,0,"France","MOREAU","http://en.wikipedia.org/wiki/Jean_Victor_Marie_Moreau"
116,1,"Austria","ARCHDUKE JOHN","http://en.wikipedia.org/wiki/Archduke_John_of_Austria"
117,0,"France","NAPOLEON I","http://en.wikipedia.org/wiki/Napoleon_I_of_France"
117,1,"Russia","KUTUZOV","http://en.wikipedia.org/wiki/Mikhail_Kutuzov"
118,0,"Prussia","HOHENLOHE","http://en.wikipedia.org/wiki/Frederick_Louis,_Prince_of_Hohenlohe-Ingelfingen"
118,1,"France","NAPOLEON I","http://en.wikipedia.org/wiki/Napoleon_I_of_France"
119,0,"France","DAVOUT","http://en.wikipedia.org/wiki/Louis_Nicolas_Davout"
119,1,"Prussia","BRUNSWICK","http://en.wikipedia.org/wiki/Charles_William_Ferdinand,_Duke_of_Brunswick"
120,0,"Russia","BENNIGSEN","http://en.wikipedia.org/wiki/Levin_August,_Count_von_Bennigsen"
120,1,"France","NAPOLEON I","http://en.wikipedia.org/wiki/Napoleon_I_of_France"
121,0,"Russia","BENNIGSEN","http://en.wikipedia.org/wiki/Levin_August,_Count_von_Bennigsen"
121,1,"France","NAPOLEON I","http://en.wikipedia.org/wiki/Napoleon_I_of_France"
122,0,"Great Britain","WELLESLEY","http://en.wikipedia.org/wiki/Arthur_Wellesley,_1st_Duke_of_Wellington"
122,1,"France","JUNOT","http://en.wikipedia.org/wiki/Jean-Andoche_Junot"
123,0,"Great Britain","MOORE","http://en.wikipedia.org/wiki/John_Moore_(British_soldier)"
123,1,"France","SOULT","http://en.wikipedia.org/wiki/Nicolas_Jean-de-Dieu_Soult"
124,0,"France","NAPOLEON I","http://en.wikipedia.org/wiki/Napoleon_I_of_France"
124,1,"Austria","ARCHDUKE CHARLES","http://en.wikipedia.org/wiki/Archduke_Charles,_Duke_of_Teschen"
125,0,"France","NAPOLEON I","http://en.wikipedia.org/wiki/Napoleon_I_of_France"
125,1,"Austria","ARCHDUKE CHARLES","http://en.wikipedia.org/wiki/Archduke_Charles,_Duke_of_Teschen"
126,0,"Austria","JOHN","http://en.wikipedia.org/wiki/Archduke_John_of_Austria"
126,1,"France","EUGENE","http://en.wikipedia.org/wiki/Eug%C3%A8ne_de_Beauharnais"
127,0,"Austria","ARCHDUKE CHARLES","http://en.wikipedia.org/wiki/Archduke_Charles,_Duke_of_Teschen"
127,1,"France","NAPOLEON I","http://en.wikipedia.org/wiki/Napoleon_I_of_France"
128,0,"Great Britain & Spain","WELLESLLEY","http://en.wikipedia.org/wiki/Arthur_Wellesley,_1st_Duke_of_Wellington"
128,0,"Great Britain & Spain","CUESTA",""
128,1,"France","JOSEPH BONAPARTE","http://en.wikipedia.org/wiki/Joseph_Bonaparte"
129,0,"Great Britain","WELLINGTON","http://en.wikipedia.org/wiki/Arthur_Wellesley,_1st_Duke_of_Wellington"
129,1,"France","MASSENA","http://en.wikipedia.org/wiki/Andr%C3%A9_Mass%C3%A9na"
130,0,"Great Britain","WELLINGTON","http://en.wikipedia.org/wiki/Arthur_Wellesley,_1st_Duke_of_Wellington"
130,1,"France","MASSENA","http://en.wikipedia.org/wiki/Andr%C3%A9_Mass%C3%A9na"
131,0,"Great Britain","BERESFORD","http://en.wikipedia.org/wiki/William_Carr_Beresford,_1st_Viscount_Beresford"
131,1,"France","SOULT","http://en.wikipedia.org/wiki/Jean_de_Dieu_Soult"
132,0,"France","MARMONT","Battle_of_Salamanca"
132,1,"Great Britain","WELLINGTON","http://en.wikipedia.org/wiki/Arthur_Wellesley,_1st_Duke_of_Wellington"
133,0,"France","JOSEPH BONAPARTE","http://en.wikipedia.org/wiki/Joseph_Bonaparte"
133,0,"France","JOURDAN","http://en.wikipedia.org/wiki/Jean-Baptiste_Jourdan"
133,1,"Great Britain","WELLINGTON","http://en.wikipedia.org/wiki/Arthur_Wellesley,_1st_Duke_of_Wellington"
134,0,"Russia","KUTUSOV","http://en.wikipedia.org/wiki/Mikhail_Kutuzov"
134,1,"France","NAPOLEON I","http://en.wikipedia.org/wiki/Napoleon_I_of_France"
135,0,"France","NAPOLEON I","http://en.wikipedia.org/wiki/Napoleon_I_of_France"
135,1,"Russia & Prussia","WITTGENSTEIN","http://en.wikipedia.org/wiki/Gebhard_Leberecht_von_Bl%C3%BCcher"
135,1,"Russia & Prussia","BLUECHER","http://en.wikipedia.org/wiki/Peter_Wittgenstein"
136,0,"Prussia & Russia","WITTGENSTEIN","http://en.wikipedia.org/wiki/Gebhard_Leberecht_von_Bl%C3%BCcher"
136,0,"Prussia & Russia","BLUECHER","http://en.wikipedia.org/wiki/Peter_Wittgenstein"
136,1,"France","NAPOLEON I","http://en.wikipedia.org/wiki/Napoleon_I_of_France"
137,0,"France","NAPOLEON I","http://en.wikipedia.org/wiki/Napoleon_I_of_France"
137,1,"Austria","SCHWARZENBERG","http://en.wikipedia.org/wiki/Karl_Philipp_F%C3%BCrst_zu_Schwarzenberg"
138,0,"France","NAPOLEON I","http://en.wikipedia.org/wiki/Napoleon_I_of_France"
138,1,"Austria","SCHWARZENBERG","http://en.wikipedia.org/wiki/Karl_Philipp_F%C3%BCrst_zu_Schwarzenberg"
139,0,"Bavaria","WREDE","http://en.wikipedia.org/wiki/Karl_Philipp_von_Wrede"
139,1,"France","NAPOLEON I","http://en.wikipedia.org/wiki/Napoleon_I_of_France"
140,0,"France","NAPOLEON I","http://en.wikipedia.org/wiki/Napoleon_I_of_France"
140,1,"Prussia","BLUECHER","http://en.wikipedia.org/wiki/Gebhard_von_Bl%C3%BCcher"
141,0,"Prussia","BLUECHER","http://en.wikipedia.org/wiki/Gebhard_von_Bl%C3%BCcher"
141,1,"France","NAPOLEON I","http://en.wikipedia.org/wiki/Napoleon_I_of_France"
142,0,"France","NAPOLEON I","http://en.wikipedia.org/wiki/Napoleon_I_of_France"
142,1,"Austria","SCHWARZENBERG","http://en.wikipedia.org/wiki/Karl_Philipp,_Prince_of_Schwarzenberg"
143,0,"Prussia","BLUECHER","http://en.wikipedia.org/wiki/Gebhard_Leberecht_von_Bl%C3%BCcher"
143,1,"France","NAPOLEON I","http://en.wikipedia.org/wiki/Napoleon_I_of_France"
144,0,"Great Britain","WELLINGTON","http://en.wikipedia.org/wiki/Arthur_Wellesley,_1st_Duke_of_Wellington"
144,1,"France","NEY","http://en.wikipedia.org/wiki/Michel_Ney"
145,0,"Great Britain & Prussia","WELLINGTON","http://en.wikipedia.org/wiki/Arthur_Wellesley,_1st_Duke_of_Wellington"
145,0,"Great Britain & Prussia","BLUECHER","http://en.wikipedia.org/wiki/Gebhard_Leberecht_von_Bl%C3%BCcher"
145,1,"France","NAPOLEON I","http://en.wikipedia.org/wiki/Napoleon_I_of_France"
146,0,"Great Britain","PROCTOR","http://en.wikipedia.org/wiki/Henry_Procter_(British_Army_officer)"
146,1,"USA","HARRISON","Battle_of_the_Thames"
147,0,"USA","BROWN","http://en.wikipedia.org/wiki/Jacob_Brown"
147,1,"Great Britain","RIALL","http://en.wikipedia.org/wiki/Phineas_Riall"
148,0,"Great Britain","DRUMMOND","http://en.wikipedia.org/wiki/Gordon_Drummond"
148,1,"USA","BROWN","http://en.wikipedia.org/wiki/Jacob_Brown"
149,0,"USA","JACKSON","http://en.wikipedia.org/wiki/Andrew_Jackson"
149,1,"Great Britain","PAKENHAM","http://en.wikipedia.org/wiki/Edward_Pakenham"
150,0,"Spain","BARREIRO",""
150,1,"Independentalists","BOLIVAR","http://en.wikipedia.org/wiki/Sim%C3%B3n_Antonio_Bol%C3%ADvar"
151,0,"Spain","LA TORRE","http://en.wikipedia.org/wiki/Miguel_de_la_Torre"
151,1,"Independentalists","BOLIVAR","http://en.wikipedia.org/wiki/Sim%C3%B3n_Antonio_Bol%C3%ADvar"
152,0,"Spain","GARCIA",""
152,1,"Independentalists","BOLIVAR","http://en.wikipedia.org/wiki/Sim%C3%B3n_Antonio_Bol%C3%ADvar"
153,0,"Independentalists","SUCRE","http://en.wikipedia.org/wiki/Antonio_Jos%C3%A9_de_Sucre"
153,1,"Spain","AYMERICH","http://en.wikipedia.org/wiki/Melchor_Aymerich"
154,0,"Spain","CANTERAC","http://en.wikipedia.org/wiki/Jos%C3%A9_de_Canterac"
154,1,"Independentalists","BOLIVAR","http://en.wikipedia.org/wiki/Sim%C3%B3n_Antonio_Bol%C3%ADvar"
155,0,"Independentalists","SUCRE","http://en.wikipedia.org/wiki/Antonio_Jos%C3%A9_de_Sucre"
155,1,"Spain","LA SERNA","http://en.wikipedia.org/wiki/Jos%C3%A9_de_la_Serna"
156,0,"Mexico","SANTA ANNA","http://en.wikipedia.org/wiki/Antonio_L%C3%B3pez_de_Santa_Anna"
156,1,"Texas","HOUSTON","http://en.wikipedia.org/wiki/Sam_Houston"
157,0,"Mexico","ARISTA","http://en.wikipedia.org/wiki/Mariano_Arista"
157,1,"USA","TAYLOR","http://en.wikipedia.org/wiki/Zachary_Taylor"
158,0,"Mexico","ARISTA","http://en.wikipedia.org/wiki/Mariano_Arista"
158,1,"USA","TAYLOR","http://en.wikipedia.org/wiki/Zachary_Taylor"
159,0,"USA","TAYLOR","http://en.wikipedia.org/wiki/Zachary_Taylor"
159,1,"Mexico","SANTA ANNA","http://en.wikipedia.org/wiki/Antonio_L%C3%B3pez_de_Santa_Anna"
160,0,"Mexico","SANTA ANNA","http://en.wikipedia.org/wiki/Antonio_L%C3%B3pez_de_Santa_Anna"
160,1,"USA","SCOTT","http://en.wikipedia.org/wiki/Winfield_Scott"
161,0,"Mexico","VALENCIA","http://en.wikipedia.org/wiki/Gabriel_Valencia"
161,1,"USA","PILLOW","http://en.wikipedia.org/wiki/Gideon_Johnson_Pillow"
162,0,"Mexico","SANTA ANNA","http://en.wikipedia.org/wiki/Antonio_L%C3%B3pez_de_Santa_Anna"
162,1,"USA","SCOTT","http://en.wikipedia.org/wiki/Winfield_Scott"
163,0,"Mexico","SANTA ANNA","http://en.wikipedia.org/wiki/Antonio_L%C3%B3pez_de_Santa_Anna"
163,1,"USA","WORTH","http://en.wikipedia.org/wiki/William_J._Worth"
164,0,"Mexico","SANTA ANNA","http://en.wikipedia.org/wiki/Antonio_L%C3%B3pez_de_Santa_Anna"
164,1,"USA","SCOTT","http://en.wikipedia.org/wiki/Winfield_Scott"
165,0,"Russia","MENSHIKOV","http://en.wikipedia.org/wiki/Aleksandr_Sergeyevich_Menshikov"
165,1,"Great Britain & France","RAGLAN","http://en.wikipedia.org/wiki/Jacques_Leroy_de_Saint_Arnaud"
165,1,"Great Britain & France","SAINT-ARNAUD","http://en.wikipedia.org/wiki/Fitzroy_Somerset,_1st_Lord_Raglan"
166,0,"Great Britain & France","RAGLAN","http://en.wikipedia.org/wiki/Jacques_Leroy_de_Saint_Arnaud"
166,0,"Great Britain & France","CANROBERT","http://en.wikipedia.org/wiki/Fran%C3%A7ois_Certain_Canrobert"
166,1,"Russia","MENSHIKOV","http://en.wikipedia.org/wiki/Aleksandr_Sergeyevich_Menshikov"
167,0,"Austria","GYULAI","http://en.wikipedia.org/wiki/Ferenc_Gyulay"
167,1,"France","NAPOLEON III","http://en.wikipedia.org/wiki/Napoleon_III_of_France"
168,0,"Austria","FRANZ JOSEPH I","http://en.wikipedia.org/wiki/Franz_Joseph_of_Austria"
168,1,"France","NAPOLEON III","http://en.wikipedia.org/wiki/Napoleon_III_of_France"
169,0,"Austria","BENEDEK","http://en.wikipedia.org/wiki/Ludwig_von_Benedek"
169,1,"Prussia","MOLTKE","http://en.wikipedia.org/wiki/Helmuth_Karl_Bernhard_von_Moltke"
170,0,"Austria","ARCHDUKE ALBERT","http://en.wikipedia.org/wiki/Archduke_Albert_(1817-1895)"
170,1,"Italy","LA MARMORA","http://en.wikipedia.org/wiki/Alfonso_Ferrero_la_Marmora"
171,0,"Confederacy","BEAUREGARD","http://en.wikipedia.org/wiki/P._G._T._Beauregard"
171,0,"Confederacy","JOHNSTON","http://en.wikipedia.org/wiki/Joseph_E._Johnstonhttp://en.wikipedia.org/wiki/Joseph_E._Johnstonhttp://en.wikipedia.org/wiki/Joseph_E._Johnston"
171,1,"USA","MACDOWELL","http://en.wikipedia.org/wiki/Irvin_McDowell"
172,0,"Confederacy","MCCULLOCH","http://en.wikipedia.org/wiki/Ben_McCulloch"
172,1,"USA","LYON","http://en.wikipedia.org/wiki/Nathaniel_Lyon"
173,0,"Confederacy","POLK","http://en.wikipedia.org/wiki/Leonidas_Polk"
173,1,"USA","GRANT","http://en.wikipedia.org/wiki/Ulysses_S._Grant"
174,0,"USA","THOMAS","http://en.wikipedia.org/wiki/George_B._Crittenden"
174,1,"Confederacy","ZOLLICOFFER","http://en.wikipedia.org/wiki/Felix_Zollicoffer"
175,0,"USA","GRANT","http://en.wikipedia.org/wiki/Ulysses_S._Grant"
175,1,"Confederacy","FLOYD","http://en.wikipedia.org/wiki/John_B._Floyd"
176,0,"USA","CURTIS","http://en.wikipedia.org/wiki/Samuel_Ryan_Curtis"
176,1,"Confederacy","VAN DORN","http://en.wikipedia.org/wiki/Earl_Van_Dorn"
177,0,"USA","SHIELDS","http://en.wikipedia.org/wiki/James_Shields"
177,1,"Confederacy","JACKSON","http://en.wikipedia.org/wiki/Stonewall_Jackson"
178,0,"USA","GRANT","http://en.wikipedia.org/wiki/Ulysses_S._Grant"
178,1,"Confederacy","A. S. JOHNSTON","http://en.wikipedia.org/wiki/Albert_Sidney_Johnston"
179,0,"USA","KENLY","http://en.wikipedia.org/wiki/John_Reese_Kenly"
179,1,"Confederacy","JACKSON","http://en.wikipedia.org/wiki/Robert_E._Lee"
180,0,"USA","BANKS","http://en.wikipedia.org/wiki/Nathaniel_P._Banks"
180,1,"Confederacy","JACKSON","http://en.wikipedia.org/wiki/Stonewall_Jackson"
181,0,"Confederacy","EWELL","http://en.wikipedia.org/wiki/John_C._Fr%C3%A9mont"
181,1,"USA","FREMONT","http://en.wikipedia.org/wiki/John_C._Fr%C3%A9mont"
182,0,"USA","TYLER","http://en.wikipedia.org/wiki/Erastus_B._Tyler"
182,1,"Confederacy","JACKSON","http://en.wikipedia.org/wiki/Stonewall_Jackson"
183,0,"USA","MCCLELLAN","http://en.wikipedia.org/wiki/George_B._McClellan"
183,1,"Confederacy","J. E. JOHNSTON","http://en.wikipedia.org/wiki/Joseph_E._Johnston"
183,1,"Confederacy","SMITH","http://en.wikipedia.org/wiki/Gustavus_Woodson_Smith"
184,0,"USA","PORTER","http://en.wikipedia.org/wiki/Fitz_John_Porter"
184,1,"Confederacy","LEE","http://en.wikipedia.org/wiki/Robert_E._Lee"
185,0,"USA","PORTER","http://en.wikipedia.org/wiki/Fitz_John_Porter"
185,1,"Confederacy","LEE","http://en.wikipedia.org/wiki/Robert_E._Lee"
186,0,"USA","SUMNER","http://en.wikipedia.org/wiki/Edwin_V._Sumner"
186,0,"USA","HEINTZELMAN","http://en.wikipedia.org/wiki/Samuel_P._Heintzelman"
186,0,"USA","PORTER","http://en.wikipedia.org/wiki/Fitz_John_Porter"
186,1,"Confederacy","LEE","http://en.wikipedia.org/wiki/Robert_E._Lee"
187,0,"USA","MCCLELLAN","http://en.wikipedia.org/wiki/George_B._McClellan"
187,1,"Confederacy","LEE","http://en.wikipedia.org/wiki/Robert_E._Lee"
188,0,"Confederacy","JACKSON","http://en.wikipedia.org/wiki/Stonewall_Jackson"
188,1,"USA","BANKS","http://en.wikipedia.org/wiki/Nathaniel_P._Banks"
189,0,"Confederacy","LEE","http://en.wikipedia.org/wiki/Robert_E._Lee"
189,1,"USA","POPE","http://en.wikipedia.org/wiki/John_Pope_(military_officer)"
190,0,"Confederacy","D. H. HILL","http://en.wikipedia.org/wiki/D.H._Hill"
190,1,"USA","MCCLELLAN","http://en.wikipedia.org/wiki/George_B._McClellan"
191,0,"Confederacy","LEE","http://en.wikipedia.org/wiki/Robert_E._Lee"
191,1,"USA","MCCLELLAN","http://en.wikipedia.org/wiki/George_B._McClellan"
192,0,"Confederacy","VAN DORN","http://en.wikipedia.org/wiki/Earl_Van_Dorn"
192,1,"USA","ROSECRANS","http://en.wikipedia.org/wiki/William_Rosecrans"
193,0,"Confederacy","BRAGG","http://en.wikipedia.org/wiki/Braxton_Bragg"
193,1,"USA","BUELL","http://en.wikipedia.org/wiki/Battle_of_Perryville"
194,0,"Confederacy","LEE","http://en.wikipedia.org/wiki/Robert_E._Lee"
194,1,"USA","BURNSIDE","http://en.wikipedia.org/wiki/Ambrose_Burnside"
195,0,"USA","ROSECRANS","http://en.wikipedia.org/wiki/William_Rosecrans"
195,1,"Confederacy","BRAGG","http://en.wikipedia.org/wiki/Braxton_Bragg"
196,0,"Confederacy","LEE","http://en.wikipedia.org/wiki/Robert_E._Lee"
196,1,"USA","HOOKER","http://en.wikipedia.org/wiki/Joseph_Hooker"
197,0,"Confederacy","PEMBERTON","http://en.wikipedia.org/wiki/John_C._Pemberton"
197,1,"USA","GRANT","http://en.wikipedia.org/wiki/Ulysses_S._Grant"
198,0,"Confederacy","STUART","http://en.wikipedia.org/wiki/J.E.B._Stuart"
198,1,"USA","PLEASANTON","http://en.wikipedia.org/wiki/Alfred_Pleasonton"
199,0,"USA","MEADE","http://en.wikipedia.org/wiki/George_G._Meade"
199,1,"Confederacy","LEE","http://en.wikipedia.org/wiki/Robert_E._Lee"
200,0,"USA","ROSECRANS","http://en.wikipedia.org/wiki/William_Rosecrans"
200,1,"Confederacy","BRAGG","http://en.wikipedia.org/wiki/Braxton_Bragg"
201,0,"Confederacy","BRAGG","http://en.wikipedia.org/wiki/Braxton_Bragg"
201,1,"USA","GRANT","http://en.wikipedia.org/wiki/Ulysses_S._Grant"
202,0,"Confederacy","LEE","http://en.wikipedia.org/wiki/Robert_E._Lee"
202,1,"USA","GRANT","http://en.wikipedia.org/wiki/Ulysses_S._Grant"
203,0,"Confederacy","LEE","http://en.wikipedia.org/wiki/Robert_E._Lee"
203,1,"USA","GRANT","http://en.wikipedia.org/wiki/Ulysses_S._Grant"
204,0,"USA","SIGEL","http://en.wikipedia.org/wiki/Franz_Sigel"
204,1,"Confederacy","BRECKINRIDGE","http://en.wikipedia.org/wiki/John_C._Breckinridge"
205,0,"Confederacy","LEE","http://en.wikipedia.org/wiki/Robert_E._Lee"
205,1,"USA","GRANT","http://en.wikipedia.org/wiki/Ulysses_S._Grant"
206,0,"Confederacy","JOHNSTON","http://en.wikipedia.org/wiki/Joseph_E._Johnston"
206,1,"USA","SHERMAN",""
207,0,"USA","THOMAS","http://en.wikipedia.org/wiki/George_Henry_Thomas"
207,1,"Confederacy","HOOD","http://en.wikipedia.org/wiki/John_Bell_Hood"
208,0,"USA","MCPHERSON","http://en.wikipedia.org/wiki/James_B._McPherson"
208,1,"Confederacy","HOOD","http://en.wikipedia.org/wiki/John_Bell_Hood"
209,0,"Confederacy","BEAUREGARD","http://en.wikipedia.org/wiki/P.G.T._Beauregard"
209,1,"USA","BUTLER","http://en.wikipedia.org/wiki/Benjamin_Franklin_Butler_(politician)"
210,0,"Confederacy","HILL","http://en.wikipedia.org/wiki/A._P._Hill"
210,1,"USA","WARREN","http://en.wikipedia.org/wiki/Gouverneur_K._Warren"
211,0,"Confederacy","EARLY","http://en.wikipedia.org/wiki/Jubal_Early"
211,1,"USA","SHERIDAN","http://en.wikipedia.org/wiki/Philip_Sheridan"
212,0,"USA","SHERIDAN","http://en.wikipedia.org/wiki/Philip_Sheridan"
212,1,"Confederacy","EARLY",""
213,0,"USA","SCHOFIELD","http://en.wikipedia.org/wiki/John_M._Schofield"
213,1,"Confederacy","HOOD","http://en.wikipedia.org/wiki/John_Bell_Hood"
214,0,"Confederacy","HOOD","http://en.wikipedia.org/wiki/John_Bell_Hood"
214,1,"USA","THOMAS","http://en.wikipedia.org/wiki/George_Henry_Thomas"
215,0,"USA","SHERMAN","http://en.wikipedia.org/wiki/William_Tecumseh_Sherman"
215,1,"Confederacy","JOHNSTON","http://en.wikipedia.org/wiki/Joseph_E._Johnston"
216,0,"Confederacy","PICKETT","http://en.wikipedia.org/wiki/George_Pickett"
216,1,"USA","SHERIDAN","http://en.wikipedia.org/wiki/Philip_Sheridan"
217,0,"Confederacy","PICKETT","http://en.wikipedia.org/wiki/George_Pickett"
217,1,"USA","SHERIDAN","http://en.wikipedia.org/wiki/Philip_Sheridan"
218,0,"Confederacy","FORREST","http://en.wikipedia.org/wiki/Nathan_Bedford_Forrest"
218,1,"USA","WILSON","http://en.wikipedia.org/wiki/James_H._Wilson"
219,0,"Confederacy","EWELL","http://en.wikipedia.org/wiki/Richard_S._Ewell"
219,0,"Confederacy","ANDERSON",""
219,1,"USA","SHERIDAN","http://en.wikipedia.org/wiki/Philip_Sheridan"
219,1,"USA","WRIGHT",""
220,0,"France","DOUAY","http://en.wikipedia.org/wiki/Abel_Douay"
220,1,"Germany","FRIEDRICH WILHELM","http://en.wikipedia.org/wiki/Frederick_III,_German_Emperor"
221,0,"France","MACMAHON","http://en.wikipedia.org/wiki/Patrice_de_Mac-Mahon"
221,1,"Germany","FRIEDRICH WILHELM","http://en.wikipedia.org/wiki/Frederick_III,_German_Emperor"
222,0,"France","FROSSARD","http://en.wikipedia.org/wiki/Charles_Auguste_Frossard"
222,1,"Germany","STEINMETZ","http://en.wikipedia.org/wiki/Karl_Friedrich_von_Steinmetz"
223,0,"France","BAZAINE","http://en.wikipedia.org/wiki/Fran%C3%A7ois_Achille_Bazaine"
223,1,"Germany","MOLTKE","http://en.wikipedia.org/wiki/Helmuth_Karl_Bernhard_von_Moltke"
224,0,"France","BAZAINE","http://en.wikipedia.org/wiki/Fran%C3%A7ois_Achille_Bazaine"
224,1,"Germany","MOLTKE","http://en.wikipedia.org/wiki/Helmuth_Karl_Bernhard_von_Moltke"
225,0,"France","MACMAHON (WIMPFEN)","http://en.wikipedia.org/wiki/Patrice_de_Mac-Mahon,_duc_de_Magenta"
225,1,"Germany","MOLTKE","http://en.wikipedia.org/wiki/Helmuth_Karl_Bernhard_von_Moltke"
226,0,"Germany","VON DER TANN","http://en.wikipedia.org/wiki/Ludwig_Freiherr_von_und_zu_der_Tann-Rathsamhausen"
226,1,"France","AURELLE","http://en.wikipedia.org/wiki/Louis_Jean-Baptiste_d%27Aurelle_de_Paladines"
227,0,"France","AURELLE","http://en.wikipedia.org/wiki/Louis_Jean-Baptiste_d%27Aurelle_de_Paladines"
227,1,"Germany","FRIEDRICH KARL","http://en.wikipedia.org/wiki/Prince_Friedrich_Karl_of_Prussia_(1828-1885)"
228,0,"France","CHANZY","http://en.wikipedia.org/wiki/Antoine_Chanzy"
228,1,"Germany","FRIEDRICK KARL","http://en.wikipedia.org/wiki/Prince_Friedrich_Karl_of_Prussia_(1828-1885)"
229,0,"Germany","WERDER","http://en.wikipedia.org/wiki/August_von_Werder"
229,1,"France","BOURBAKI","http://en.wikipedia.org/wiki/Charles_Denis_Bourbaki"
230,0,"Great Britain","PULLEINE","http://en.wikipedia.org/wiki/Henry_Pulleine"
230,1,"Zulu","MAVUMENGWANA","http://en.wikipedia.org/wiki/Ntshingwayo_Khoza"
230,1,"Zulu","TSHINGWAYO",""
231,0,"Great Britain","CHELMSFORD","http://en.wikipedia.org/wiki/Frederic_Augustus_Thesiger,_2nd_Baron_Chelmsford"
231,1,"Zulu","CETEWAYO",""
232,0,"Great Britain","COLLEY","http://en.wikipedia.org/wiki/George_Pomeroy_Colley"
232,1,"South African Republic","SMIDT","http://en.wikipedia.org/wiki/Nicolas_Smit"
233,0,"Egypt","ARABI","http://en.wikipedia.org/wiki/Ahmed_Urabi"
233,1,"Great Britain","WOLSELEY","http://en.wikipedia.org/wiki/Garnet_Wolseley,_1st_Viscount_Wolseley"
234,0,"Great Britain","KITCHENER","http://en.wikipedia.org/wiki/Herbert_Kitchener,_1st_Earl_Kitchener"
234,1,"Mahdists","ABDULLAHINI","http://en.wikipedia.org/wiki/Abdullah_al-Taashi"
235,0,"Italy","BARATIERI","http://en.wikipedia.org/wiki/Oreste_Baratieri"
235,1,"Ethiopia","MENELIK II","http://en.wikipedia.org/wiki/Menelik_II_of_Ethiopia"
236,0,"South African Republic","CRONJE","http://en.wikipedia.org/wiki/Piet_Cronje"
236,0,"South African Republic","DE LA REY","http://en.wikipedia.org/wiki/Koos_de_la_Rey"
236,1,"Great Britain","METHUEN","http://en.wikipedia.org/wiki/Paul_Sanford_Methuen,_3rd_Baron_Methuen"
237,0,"South African Republic","CRONJE","http://en.wikipedia.org/wiki/Piet_Cronje"
237,1,"Great Britain","METHUEN","http://en.wikipedia.org/wiki/Paul_Sanford_Methuen,_3rd_Baron_Methuen"
238,0,"South African Republic","BOTHA","http://en.wikipedia.org/wiki/Louis_Botha"
238,1,"Great Britain","BULLER","http://en.wikipedia.org/wiki/Redvers_Buller"
239,0,"South African Republic","JOUBERT",""
239,1,"Great Britain","BULLER","http://en.wikipedia.org/wiki/Redvers_Buller"
240,0,"South African Republic","CRONJE","http://en.wikipedia.org/wiki/Piet_Cronje"
240,1,"Great Britain","ROBERTS","http://en.wikipedia.org/wiki/Frederick_Roberts,_1st_Earl_Roberts"
241,0,"Spain","LINARES","http://en.wikipedia.org/wiki/Arsenio_Linares"
241,1,"USA","SHAFTER","http://en.wikipedia.org/wiki/William_Rufus_Shafter"
242,0,"Russia","ZASULICH","http://en.wikipedia.org/wiki/Mikhail_Zasulich"
242,1,"Japan","TAMEMOTO KUROKI","http://en.wikipedia.org/wiki/Kuroki_Tamemoto"
243,0,"Russia","STAKELBERG","http://en.wikipedia.org/wiki/Georgii_Stackelberg"
243,1,"Japan","OKU","http://en.wikipedia.org/wiki/Yasukata_Oku"
244,0,"Russia","KUROPATKIN","http://en.wikipedia.org/wiki/Aleksey_Kuropatkin"
244,1,"Japan","OYAMA","http://en.wikipedia.org/wiki/%C5%8Cyama_Iwao"
245,0,"Japan","OYAMA","http://en.wikipedia.org/wiki/%C5%8Cyama_Iwao"
245,1,"Russia","KUROPATKIN","http://en.wikipedia.org/wiki/Aleksey_Kuropatkin"
246,0,"Japan","OYAMA","http://en.wikipedia.org/wiki/%C5%8Cyama_Iwao"
246,1,"Russia","GRIPPENBERG","http://en.wikipedia.org/wiki/Oskar-Ferdinand_Kazimirovich_Grippenberg"
247,0,"Russia","KUROPATKIN","http://en.wikipedia.org/wiki/Aleksey_Kuropatkin"
247,1,"Japan","OYAMA","http://en.wikipedia.org/wiki/%C5%8Cyama_Iwao"
248,0,"Ottoman Empire","ZEHKI PASHA","http://en.wikipedia.org/wiki/Zekki_Pasha"
248,1,"Serbia","GEN PUTNIK","http://en.wikipedia.org/wiki/Radomir_Putnik"
249,0,"Ottoman Empire","ABDALLA PASHA","http://en.wikipedia.org/wiki/Abdullah_Pasha"
249,1,"Bulgaria","GEN DIMITRIEV","http://en.wikipedia.org/wiki/Radko_Dimitriev"
250,0,"Ottoman Empire","",""
250,1,"Serbia","GEN PUTNIK","http://en.wikipedia.org/wiki/Radomir_Putnik"
251,0,"Ottoman Empire","KARA SAID PASHA",""
251,1,"Serbia","GEN PUTNIK","http://en.wikipedia.org/wiki/Radomir_Putnik"
252,0,"Ottoman Empire","SHUKRI PASHA",""
252,1,"Bulgaria","GEN IVANHOFF","http://en.wikipedia.org/wiki/Nikola_Ivanov"
253,0,"USSR","TUKHACHEVSKI","http://en.wikipedia.org/wiki/Mikhail_Tukhachevsky"
253,1,"Poland","PILSUDSKI","http://en.wikipedia.org/wiki/J%C3%B3zef_Pi%C5%82sudski"
254,0,"USSR","TUKHACHEVSKI","http://en.wikipedia.org/wiki/Mikhail_Tukhachevsky"
254,1,"Poland","PILSUDSKI","http://en.wikipedia.org/wiki/J%C3%B3zef_Pi%C5%82sudski"
255,0,"Spanish Republic","GEN MIAJA","http://en.wikipedia.org/wiki/Jos%C3%A9_Miaja"
255,1,"Italy","GEN ROATTA","http://en.wikipedia.org/wiki/Mario_Roatta"
256,0,"USSR","COL GREBENNIK","?"
256,1,"Japan","COL SATO","http://en.wikipedia.org/wiki/Kotoku_Sato"
257,0,"Japan","LG SUETAKA","?"
257,1,"USSR","MARSHAL BLUCHER","http://en.wikipedia.org/wiki/Vasily_Bl%C3%BCcher"
258,0,"Japan","LG SUETAKA","?"
258,1,"USSR","MARSHAL BLUCHER","http://en.wikipedia.org/wiki/Vasily_Bl%C3%BCcher"
259,0,"USSR","MAJ BYKOV","?"
259,1,"Japan","COL YAMAGATA","?"
260,0,"Japan","LG OGISU",""
260,1,"USSR","GEN ZHUKOV","http://en.wikipedia.org/wiki/Georgy_Zhukov"
261,0,"USSR","GEN SELENTSOV",""
261,1,"Finland","COL SIILASVUO","http://en.wikipedia.org/wiki/Hjalmar_Siilasvuo"
262,0,"Germany","GEN MOLTKE","http://en.wikipedia.org/wiki/Helmuth_Karl_Bernhard_von_Moltke"
262,1,"France","GEN JOFFRE","http://en.wikipedia.org/wiki/Joseph_Joffre"
263,0,"France","GEN JOFFRE","http://en.wikipedia.org/wiki/Joseph_Joffre"
263,1,"Germany","GEN MOLTKE","http://en.wikipedia.org/wiki/Helmuth_Karl_Bernhard_von_Moltke"
264,0,"Germany","GEN MOLTKE","http://en.wikipedia.org/wiki/Helmuth_Karl_Bernhard_von_Moltke"
264,1,"France","GEN JOFFRE","http://en.wikipedia.org/wiki/Joseph_Joffre"
265,0,"France","GEN LANREZAC","http://en.wikipedia.org/wiki/Charles_Lanrezac"
265,1,"Germany","GEN BUELOW","http://en.wikipedia.org/wiki/Karl_von_B%C3%BClow"
266,0,"Great Britain","FM FRENCH","http://en.wikipedia.org/wiki/John_French,_1st_Earl_of_Ypres"
266,1,"Germany","GEN KLUCK","http://en.wikipedia.org/wiki/Alexander_von_Kluck"
267,0,"Great Britain","FM FRENCH","http://en.wikipedia.org/wiki/John_French,_1st_Earl_of_Ypres"
267,1,"Germany","GEN KLUCK","http://en.wikipedia.org/wiki/Alexander_von_Kluck"
268,0,"France","GEN LANREZAC","http://en.wikipedia.org/wiki/Charles_Lanrezac"
268,1,"Germany","GEN BUELOW","http://en.wikipedia.org/wiki/Karl_von_B%C3%BClow"
269,0,"France","GEN JOFFRE","http://en.wikipedia.org/wiki/Joseph_Joffre"
269,1,"Germany","GEN MOLTKE","http://en.wikipedia.org/wiki/Helmuth_Karl_Bernhard_von_Moltke"
270,0,"Germany","GEN GRONAU","http://en.wikipedia.org/wiki/Hans_von_Gronau"
270,1,"France","GEN MOUNOURY","http://en.wikipedia.org/wiki/Michel-Joseph_Maunoury"
271,0,"Germany","GEN KLUCK","http://en.wikipedia.org/wiki/Alexander_von_Kluck"
271,1,"France","GEN MAUNOURY","http://en.wikipedia.org/wiki/Michel-Joseph_Maunoury"
272,0,"Germany","GEN BUELOW","http://en.wikipedia.org/wiki/Karl_von_B%C3%BClow"
272,1,"France","GEN FRANCHET D'ESPEREY","http://en.wikipedia.org/wiki/Louis_Franchet_d%27Esperey"
273,0,"Germany","GEN KLUCK","http://en.wikipedia.org/wiki/Alexander_von_Kluck"
273,1,"Great Britain","FM FRENCH","http://en.wikipedia.org/wiki/John_French,_1st_Earl_of_Ypres"
274,0,"France","GEN FOCH","http://en.wikipedia.org/wiki/Ferdinand_Foch"
274,1,"Germany","GEN HAUSEN","http://en.wikipedia.org/wiki/Max_von_Hausen"
275,0,"France","GEN LANGLE DE CARY","http://en.wikipedia.org/wiki/Fernand_de_Langle_de_Cary"
275,1,"Germany","DK OF WUERTTEMBURG","http://en.wikipedia.org/wiki/Albrecht,_Duke_of_W%C3%BCrttemberg"
276,0,"France","GEN SARRAIL","http://en.wikipedia.org/wiki/Maurice_Sarrail"
276,1,"Germany","CR PR WILHELM","http://en.wikipedia.org/wiki/Wilhelm,_German_Crown_Prince"
277,0,"Germany","GEN FALKENHAYN","http://en.wikipedia.org/wiki/Erich_von_Falkenhayn"
277,1,"France","GEN JOFFRE","http://en.wikipedia.org/wiki/Joseph_Joffre"
278,0,"Germany","GEN VON FRANCOIS","http://en.wikipedia.org/wiki/Hermann_von_Fran%C3%A7ois"
278,1,"Russia","GEN RENNENKAMPF","http://en.wikipedia.org/wiki/Paul_von_Rennenkampf"
279,0,"Russia","GEN RENNENKAMPF","http://en.wikipedia.org/wiki/Paul_von_Rennenkampf"
279,1,"Germany","GEN VON PRITTWITZ","http://en.wikipedia.org/wiki/Maximilian_von_Prittwitz"
280,0,"Russia","GEN SAMSONOV","http://en.wikipedia.org/wiki/Alexander_Samsonov"
280,1,"Germany","GEN VON HINDENBURG","http://en.wikipedia.org/wiki/Paul_von_Hindenburg"
281,0,"Russia","GEN RENNENKAMPF","http://en.wikipedia.org/wiki/Paul_von_Rennenkampf"
281,1,"Germany","GEN VON HINDENBURG","http://en.wikipedia.org/wiki/Paul_von_Hindenburg"
282,0,"Russia","GEN SALZA","http://en.wikipedia.org/wiki/Anton_von_Saltza"
282,1,"Austria","GEN DANKL","http://en.wikipedia.org/wiki/Viktor_Dankl_von_Krasnik"
283,0,"Russia","GEN PLEHVE","http://en.wikipedia.org/wiki/Pavel_Plehve"
283,1,"Austria","GEN AUFFENBERG","http://en.wikipedia.org/wiki/Moritz_von_Auffenberg"
284,0,"Russia","GEN IVANOV","http://en.wikipedia.org/wiki/Nikolai_Judovich_Ivanov"
284,1,"Austria","GEN BRUDERMAN",""
285,0,"Russia","GEN IVANOV","http://en.wikipedia.org/wiki/Nikolai_Judovich_Ivanov"
285,1,"Austria","GEN CONRAD","http://en.wikipedia.org/wiki/Franz_Conrad_von_H%C3%B6tzendorf"
286,0,"Russia","GRAND DK NICHOLAS","http://en.wikipedia.org/wiki/Grand_Duke_Nicholas_Nikolaevich_of_Russia_(1856%E2%80%931929)"
286,1,"Germany","GEN MACKENSEN","http://en.wikipedia.org/wiki/August_von_Mackensen"
287,0,"Serbia","FM PUTNIK","http://en.wikipedia.org/wiki/Radomir_Putnik"
287,1,"Austria","GEN POTIAREK","http://en.wikipedia.org/wiki/Oskar_Potiorek"
288,0,"Austria","GEN POTIOREK","http://en.wikipedia.org/wiki/Oskar_Potiorek"
288,1,"Serbia","FM PUTNIK","http://en.wikipedia.org/wiki/Radomir_Putnik"
289,0,"Germany","GEN HAUSEN","http://en.wikipedia.org/wiki/Max_von_Hausen"
289,1,"France","GEN LANGLE DE CARY","http://en.wikipedia.org/wiki/Fernand_de_Langle_de_Cary"
290,0,"Germany","CR PR RUPPRECHT","http://en.wikipedia.org/wiki/Rupprecht,_Crown_Prince_of_Bavaria"
290,1,"Great Britain","GEN HAIG","http://en.wikipedia.org/wiki/Douglas_Haig,_1st_Earl_Haig"
291,0,"Great Britain","GEN SMITH-DORRIEN","http://en.wikipedia.org/wiki/Horace_Smith-Dorrien"
291,1,"Germany","DK OF WUERTTEMBERG","http://en.wikipedia.org/wiki/Albrecht,_Duke_of_W%C3%BCrttemberg"
292,0,"Germany","CR PR RUPPRECHT","http://en.wikipedia.org/wiki/Rupprecht,_Crown_Prince_of_Bavaria"
292,1,"Great Britain","GEN HAIG","http://en.wikipedia.org/wiki/Douglas_Haig,_1st_Earl_Haig"
293,0,"Germany","CR PR RUPPRECHT","http://en.wikipedia.org/wiki/Rupprecht,_Crown_Prince_of_Bavaria"
293,1,"Great Britain","GEN HAIG","http://en.wikipedia.org/wiki/Douglas_Haig,_1st_Earl_Haig"
294,0,"Russia","GEN SIEVERS","http://en.wikipedia.org/wiki/Thadeus_von_Sievers"
294,1,"Germany","GEN HINDENBURG","http://en.wikipedia.org/wiki/Paul_von_Hindenburg"
295,0,"Russia","GEN DIMITRIEV","http://en.wikipedia.org/wiki/Radko_Dimitriev"
295,1,"Germany","GEN MACKENSEN","http://en.wikipedia.org/wiki/August_von_Mackensen"
296,0,"Austria","GEN BOROJEVIC","http://en.wikipedia.org/wiki/Svetozar_Boroevi%C4%87"
296,1,"Italy","GEN CADORNA","http://en.wikipedia.org/wiki/Luigi_Cadorna"
297,0,"Austria","GEN BOROJEVIC","http://en.wikipedia.org/wiki/Svetozar_Boroevi%C4%87"
297,1,"Italy","GEN CADORNA","http://en.wikipedia.org/wiki/Luigi_Cadorna"
298,0,"Austria","GEN BOROJEVIC","http://en.wikipedia.org/wiki/Svetozar_Boroevi%C4%87"
298,1,"Italy","GEN CADORNA","http://en.wikipedia.org/wiki/Luigi_Cadorna"
299,0,"Austria","GEN BOROJEVIC","http://en.wikipedia.org/wiki/Svetozar_Boroevi%C4%87"
299,1,"Italy","GEN CADORNA","http://en.wikipedia.org/wiki/Luigi_Cadorna"
300,0,"Ottoman Empire","GEN LIMAN VON SANDERS",""
300,1,"Great Britain","GEN HAMILTON",""
301,0,"Ottoman Empire","GEN LIMAN VON SANDERS",""
301,1,"Great Britain","LG STOPFORD",""
302,0,"Ottoman Empire","NUR-UD-DIN PASHA",""
302,1,"Great Britain","MG TOWNSHEND",""
303,0,"Ottoman Empire","NUR-UD-DIN PASHA",""
303,1,"Great Britain","MG TOWNSHEND",""
304,0,"Germany","GEN BELOW","http://en.wikipedia.org/wiki/Fritz_von_Below"
304,1,"Great Britain","GEN RAWLINSON",""
304,1,"Great Britain","GEN FAYOLLE",""
305,0,"Germany","GEN BELOW","http://en.wikipedia.org/wiki/Fritz_von_Below"
305,1,"Great Britain","GEN RAWLINSON",""
306,0,"Germany","",""
306,1,"Great Britain","MG HUDSON",""
307,0,"Germany","GEN BELOW","http://en.wikipedia.org/wiki/Fritz_von_Below"
307,1,"Great Britain","GEN RAWLINSON",""
308,0,"Germany","GEN BELOW","http://en.wikipedia.org/wiki/Fritz_von_Below"
308,1,"Great Britain","GEN HAIG","http://en.wikipedia.org/wiki/Douglas_Haig,_1st_Earl_Haig"
309,0,"Ottoman Empire","ABDUL KERIM PASHA",""
309,1,"Russia","GEN YUDENICH",""
310,0,"Germany","GEN EICHHORN",""
310,1,"Russia","GEN SMIRNOV",""
311,0,"Austria","GEN CONRAD","http://en.wikipedia.org/wiki/Franz_Conrad_von_H%C3%B6tzendorf"
311,1,"Russia","GEN BRUSILOV",""
312,0,"Austria","GEN BOROJEVIC","http://en.wikipedia.org/wiki/Svetozar_Boroevi%C4%87"
312,1,"Italy","GEN CADORNA","http://en.wikipedia.org/wiki/Luigi_Cadorna"
313,0,"Italy","GEN PECORI-GIRALDI",""
313,1,"Austria","GEN CONRAD","http://en.wikipedia.org/wiki/Franz_Conrad_von_H%C3%B6tzendorf"
314,0,"Austria","GEN CONRAD","http://en.wikipedia.org/wiki/Franz_Conrad_von_H%C3%B6tzendorf"
314,1,"Italy","GEN CADORNA","http://en.wikipedia.org/wiki/Luigi_Cadorna"
315,0,"Austria","GEN BOROJEVIC","http://en.wikipedia.org/wiki/Svetozar_Boroevi%C4%87"
315,1,"Italy","GEN CADORNA","http://en.wikipedia.org/wiki/Luigi_Cadorna"
316,0,"Germany","GEN FALKENHAUSEN",""
316,1,"Great Britain","FM HAIG","http://en.wikipedia.org/wiki/Douglas_Haig,_1st_Earl_Haig"
317,0,"Germany","GENS BOEHN",""
317,0,"Germany","BELOW",""
317,1,"France","GEN NIVELLE",""
318,0,"Germany","GEN ARNIM",""
318,1,"Great Britain","GEN PLUMER",""
319,0,"Germany","GEN ARNIM",""
319,1,"Great Britain","FM HAIG","http://en.wikipedia.org/wiki/Douglas_Haig,_1st_Earl_Haig"
320,0,"Germany","GEN MARWITZ",""
320,1,"Great Britain","GEN BYNG","http://en.wikipedia.org/wiki/Julian_Byng,_1st_Viscount_Byng_of_Vimy"
321,0,"Great Britain","GEN BYNG","http://en.wikipedia.org/wiki/Julian_Byng,_1st_Viscount_Byng_of_Vimy"
321,1,"Germany","GEN MARWITZ",""
322,0,"Austria","GEN BOROJEVIC","http://en.wikipedia.org/wiki/Svetozar_Boroevi%C4%87"
322,1,"Italy","GEN CADORNA","http://en.wikipedia.org/wiki/Luigi_Cadorna"
323,0,"Austria","GEN BOROJEVIC","http://en.wikipedia.org/wiki/Svetozar_Boroevi%C4%87"
323,1,"Italy","GEN CADORNA","http://en.wikipedia.org/wiki/Luigi_Cadorna"
324,0,"Italy","GEN CADORNA","http://en.wikipedia.org/wiki/Luigi_Cadorna"
324,1,"Germany & Austria","GEN CONRAD","http://en.wikipedia.org/wiki/Franz_Conrad_von_H%C3%B6tzendorf"
325,0,"Ottoman Empire","NUR-UD-DIN PASHA",""
325,1,"Great Britain","GEN MAUDE",""
326,0,"Ottoman Empire","GEN KRESS VON KRESSENSTEIN","http://en.wikipedia.org/wiki/Friedrich_Freiherr_Kress_von_Kressenstein"
326,1,"Great Britain","GEN MURRAY","http://en.wikipedia.org/wiki/Archibald_Murray"
327,0,"Ottoman Empire","GEN KRESS VON KRESSENSTEIN","http://en.wikipedia.org/wiki/Friedrich_Freiherr_Kress_von_Kressenstein"
327,1,"Great Britain","GEN MURRAY","http://en.wikipedia.org/wiki/Archibald_Murray"
328,0,"Ottoman Empire","GEN KRESS VON KRESSENSTEIN","http://en.wikipedia.org/wiki/Friedrich_Freiherr_Kress_von_Kressenstein"
328,1,"Great Britain","GEN ALLENBY","http://en.wikipedia.org/wiki/Edmund_Allenby"
329,0,"Ottoman Empire","GEN KRESS VON KRESSENSTEIN","http://en.wikipedia.org/wiki/Friedrich_Freiherr_Kress_von_Kressenstein"
329,1,"Great Britain","GEN ALLENBY","http://en.wikipedia.org/wiki/Edmund_Allenby"
330,0,"Great Britain","FM HAIG","http://en.wikipedia.org/wiki/Douglas_Haig,_1st_Earl_Haig"
330,1,"Germany","GEN LUDENDORFF","http://en.wikipedia.org/wiki/Erich_Ludendorff"
331,0,"Great Britain","FM HAIG","http://en.wikipedia.org/wiki/Douglas_Haig,_1st_Earl_Haig"
331,1,"Germany","GEN LUDENDORFF","http://en.wikipedia.org/wiki/Erich_Ludendorff"
332,0,"Great Britain","FM HAIG","http://en.wikipedia.org/wiki/Douglas_Haig,_1st_Earl_Haig"
332,1,"Germany","GEN LUDENDORFF","http://en.wikipedia.org/wiki/Erich_Ludendorff"
333,0,"USA","COL UPTON",""
333,1,"Germany","MAJ GROTHE",""
334,0,"France","GEN DOUCHENE","?"
334,1,"Germany","CR PR WILHELM","http://en.wikipedia.org/wiki/Crown_Prince_Wilhelm_of_Germany"
335,0,"Germany","COL FREDERICHS","?"
335,1,"USA","COL ELY","?"
336,0,"Germany","GEN CONTA","?"
336,1,"USA","BG HARBORD","http://en.wikipedia.org/wiki/James_Harbord"
337,0,"Germany","","?"
337,1,"USA","MAJ TURRILL","?"
338,0,"Germany","MAJ HARTLIEB","?"
338,1,"USA","MAJ BERRY","?"
339,0,"Germany","MAJ BISCHOFF","?"
339,1,"USA","MAJ SIBLEY","?"
340,0,"Germany","LCOL ROTENBUCHER","?"
340,1,"USA","COL MALONE","?"
341,0,"Germany","MAJ HARTLIEB","?"
341,1,"USA","MAJ WISE","?"
342,0,"Germany","MAJ HARTLIEB","?"
342,1,"USA","MAJ WISE","?"
343,0,"USA","MAJ SHEARER","http://en.wikipedia.org/wiki/Maurice_E._Shearer"
343,1,"Germany","","?"
344,0,"Germany","","?"
344,1,"USA","LCOL ADAMS","?"
345,0,"Germany","CPT KARLBERG","?"
345,1,"USA","MAJ SHEARER","http://en.wikipedia.org/wiki/Maurice_E._Shearer"
346,0,"Germany","CPT KARLBERG","?"
346,1,"USA","MAJ SHEARER","http://en.wikipedia.org/wiki/Maurice_E._Shearer"
347,0,"Germany","","?"
347,1,"USA","BG LEWIS","?"
348,0,"Germany","","?"
348,1,"USA","MAJ BOUTON","?"
349,0,"Germany","","?"
349,1,"USA","MAJ ELLIOT","?"
350,0,"France","GEN FRANCHET D'ESPEREY","http://en.wikipedia.org/wiki/Louis_Franchet_d%27Esp%C3%A8rey"
350,1,"Germany","CR PR WILHELM","http://en.wikipedia.org/wiki/Crown_Prince_Wilhelm_of_Germany"
351,0,"France","GEN FRANCHET D'ESPEREY","http://en.wikipedia.org/wiki/Louis_Franchet_d%27Esp%C3%A8rey"
351,1,"Germany","CR PR WILHELM","http://en.wikipedia.org/wiki/Crown_Prince_Wilhelm_of_Germany"
352,0,"Germany","GEN EBEN",""
352,1,"France","GEN MANGIN",""
353,0,"Germany","LG KNEUSSL",""
353,1,"USA","COL SMITH",""
354,0,"Germany","COL CARL",""
354,1,"USA","COL BABCOCK",""
355,0,"Germany","LG KNEUSSL",""
355,1,"USA","MAJ HUEBNER",""
356,0,"Germany","CPT STOCKMAR",""
356,1,"USA","MAJ WADDILL",""
357,0,"Germany","COL STENGEL",""
357,1,"USA","BG HINES",""
358,0,"Germany","COL BUCHHOLTZ",""
358,1,"USA","COL PARKER",""
359,0,"Germany","CR PR WILHELM","http://en.wikipedia.org/wiki/Crown_Prince_Wilhelm_of_Germany"
359,1,"USA","GEN FOCH","http://en.wikipedia.org/wiki/Ferdinand_Foch"
360,0,"Germany","BARON VON TOLL",""
360,1,"USA","GEN SUMMERALL","http://en.wikipedia.org/wiki/Charles_Pelot_Summerall"
361,0,"Germany","COL OTTO",""
361,1,"USA","GEN SUMMERALL","http://en.wikipedia.org/wiki/Charles_Pelot_Summerall"
362,0,"Germany","CR PR RUPPRECHT","http://en.wikipedia.org/wiki/Rupprecht,_Crown_Prince_of_Bavaria"
362,1,"USA","FM HAIG","http://en.wikipedia.org/wiki/Douglas_Haig,_1st_Earl_Haig"
363,0,"Germany","CR PR RUPPRECHT","http://en.wikipedia.org/wiki/Rupprecht,_Crown_Prince_of_Bavaria"
363,1,"USA","FM HAIG","http://en.wikipedia.org/wiki/Douglas_Haig,_1st_Earl_Haig"
364,0,"Germany","GEN FUCHS",""
364,1,"USA","GEN PERSHING","http://en.wikipedia.org/wiki/John_J._Pershing"
365,0,"Germany","CPT GERLACH",""
365,1,"USA","BG BAMFORD",""
366,0,"Germany","GEN EINEM",""
366,1,"USA","GEN PERSHING","http://en.wikipedia.org/wiki/John_J._Pershing"
367,0,"Germany","GEN NIDDA",""
367,1,"USA","MG LEJEUNE",""
368,0,"Germany","MAJ DOERSTLING",""
368,1,"USA","LCOL ARNOLD",""
369,0,"Germany","MAJ WEBENDOERFER",""
369,1,"USA","COL HUNT",""
370,0,"Germany","MAJ GRUNDELL",""
370,1,"USA","COL LEE",""
371,0,"Germany","MAJ DOERSTLING",""
371,1,"USA",,""
372,0,"Germany","MG HAMMERSTEIN",""
372,1,"USA","MG SMITH",""
373,0,"Germany","GEN LUDENDORFF","http://en.wikipedia.org/wiki/Erich_Ludendorff"
373,1,"USA","GEN FOCH","http://en.wikipedia.org/wiki/Ferdinand_Foch"
374,0,"Germany","COL SCHONSTADT",""
374,1,"USA","COL HUNT",""
375,0,"Germany","CPT KAESBACH",""
375,1,"USA","COL ERICKSON",""
376,0,"Germany","CPT GACKENHOLZ",""
376,1,"USA","COL BARNHARDT",""
377,0,"Germany","MAJ PLEHWE",""
377,1,"USA","LCOL COPPOCK",""
378,0,"Germany","LCOL IHLENFELD",""
378,1,"USA","COL ERICKSON",""
379,0,"Germany","MAJ BRUNS",""
379,1,"USA","COL HUNT",""
380,0,"Germany","MAJ KRAUSE",""
380,1,"USA","MAJ RYDER",""
381,0,"Germany","GEN GALLWITZ",""
381,1,"France","GEN PERSHING","http://en.wikipedia.org/wiki/John_J._Pershing"
382,0,"Germany","LG LEWINSKI",""
382,1,"USA","MAJ RYDER",""
383,0,"Germany","GEN HANSTEIN",""
383,1,"USA","COL HARREL",""
384,0,"Italy","GEN DIEZ",""
384,1,"Austria","ARCHDUKE EUGENE",""
385,0,"Ottoman Empire","GEN LIMAN VON SANDERS",""
385,1,"Great Britain","GEN ALLENBY",""
386,0,"Great Britain","LG MONTGOMERY","http://en.wikipedia.org/wiki/Bernard_Montgomery,_1st_Viscount_Montgomery_of_Alamein"
386,1,"Germany & Italy","GFM ROMMEL","http://en.wikipedia.org/wiki/Erwin_Rommel"
387,0,"Germany","GFM ROMMEL","http://en.wikipedia.org/wiki/Erwin_Rommel"
387,1,"Great Britain","LG MONTGOMERY","http://en.wikipedia.org/wiki/Bernard_Montgomery,_1st_Viscount_Montgomery_of_Alamein"
388,0,"Germany","GENS STUMM",""
388,0,"Germany","THOMA",""
388,1,"Great Britain","LG MONTGOMERY","http://en.wikipedia.org/wiki/Bernard_Montgomery,_1st_Viscount_Montgomery_of_Alamein"
389,0,"Germany","FM ROMMEL","http://en.wikipedia.org/wiki/Erwin_Rommel"
389,1,"Great Britain","LG MONTGOMERY","http://en.wikipedia.org/wiki/Bernard_Montgomery,_1st_Viscount_Montgomery_of_Alamein"
390,0,"Germany","FM ROMMEL","http://en.wikipedia.org/wiki/Erwin_Rommel"
390,1,"Great Britain","LG MONTGOMERY","http://en.wikipedia.org/wiki/Bernard_Montgomery,_1st_Viscount_Montgomery_of_Alamein"
391,0,"USA","LCOL WATERS",""
391,1,"Germany","COL BROICH","http://en.wikipedia.org/wiki/Friedrich_Freiherr_von_Broich"
392,0,"USA","MG ALLEN",""
392,1,"Germany","GEN BROICH","http://en.wikipedia.org/wiki/Friedrich_Freiherr_von_Broich"
393,0,"Germany","LG BULOVIUS",""
393,1,"USA","MG EDDY","http://en.wikipedia.org/wiki/Manton_S._Eddy"
394,0,"Germany","MG SIKENIUS",""
394,1,"Great Britain","MG GRAHAM",""
395,0,"Germany","MG SIKENIUS",""
395,1,"Great Britain","MG HAWKESWORTH",""
396,0,"Germany","MG SIKENIUS",""
396,1,"USA","MG MIDDLETON","http://en.wikipedia.org/wiki/Troy_H._Middleton"
397,0,"Great Britain","MG GRAHAM",""
397,1,"Germany","MG SICKENIUS",""
398,0,"Great Britain","MG HAWKESWORTH",""
398,1,"Germany","MG SCHMALTZ",""
399,0,"USA","MG MIDDLETON","http://en.wikipedia.org/wiki/Troy_H._Middleton"
399,1,"Germany","MG SICKENIUS",""
400,0,"Germany","MG LUETTWITZ",""
400,1,"Great Britain","MG TEMPLER",""
401,0,"Germany","MG LUETTWITZ",""
401,1,"USA","MG MIDDLETON","http://en.wikipedia.org/wiki/Troy_H._Middleton"
402,0,"Great Britain","MG HAWKESWORTH",""
402,1,"Germany","MG SCHMALTZ",""
403,0,"Germany","MG RODT",""
403,1,"Great Britain","MG ERSKINE",""
404,0,"Germany","MG BAADE",""
404,1,"USA","MG RYDER","http://en.wikipedia.org/wiki/Charles_W._Ryder"
405,0,"Germany","MG SCHMALTZ",""
405,1,"Great Britain","BG LYNE",""
406,0,"Germany","MG RODT",""
406,1,"Great Britain","MG HAWKESWORTH",""
407,0,"Germany","MG LUETTWITZ",""
407,1,"USA","MG MIDDLETON","http://en.wikipedia.org/wiki/Troy_H._Middleton"
408,0,"Germany","MG SCHMALTZ",""
408,1,"USA","MG TRUSCOTT","http://en.wikipedia.org/wiki/Lucian_Truscott"
409,0,"Germany","MG BAADE",""
409,1,"USA","MG RYDER","http://en.wikipedia.org/wiki/Charles_W._Ryder"
410,0,"Germany","MG RODT",""
410,1,"Great Britain","MG ERSKINE",""
411,0,"Germany","MG SCHMALTZ",""
411,1,"Great Britain","MG TEMPLER",""
412,0,"Germany","MG RODT",""
412,1,"Great Britain","MG HAWKESWORTH",""
413,0,"Germany","MG RODT",""
413,1,"Great Britain","MG ERSKINE",""
414,0,"Germany","MG BAADE",""
414,1,"USA","MG RYDER","http://en.wikipedia.org/wiki/Charles_W._Ryder"
415,0,"Germany","MG RODT",""
415,1,"Great Britain","MG TEMPLER",""
416,0,"Germany","MG BAADE",""
416,1,"USA","MG TRUSCOTT","http://en.wikipedia.org/wiki/Lucian_Truscott"
417,0,"Germany","MG BAADE",""
417,1,"USA","MG MIDDLETON","http://en.wikipedia.org/wiki/Troy_H._Middleton"
418,0,"Germany","MG TEMPLER",""
418,1,"Germany","MG RODT",""
419,0,"Germany","MG BAADE",""
419,1,"USA","MG TRUSCOTT","http://en.wikipedia.org/wiki/Lucian_Truscott"
420,0,"Germany","MG RODT",""
420,1,"Great Britain","MG HAWKESWORTH",""
421,0,"Germany","MG RODT",""
421,1,"Great Britain","MG TEMPLER",""
422,0,"Germany","MG RODT",""
422,1,"USA","MG WALKER","?"
423,0,"Germany","LG GRAESER",""
423,1,"Great Britain","MG PENNEY",""
424,0,"Great Britain","MG PENNEY",""
424,1,"Germany","LG GRAESER",""
425,0,"Germany","LG GRAESER",""
425,1,"Great Britain","MG PENNEY",""
426,0,"Great Britain","MG PENNEY",""
426,1,"Germany","LG GRAESER",""
427,0,"Great Britain","MG PENNEY",""
427,1,"Germany","LG GRAESER",""
428,0,"USA","MG EAGLES","?"
428,1,"Germany","LG PFEIFFER",""
429,0,"Great Britain","MG PENNEY",""
429,1,"Germany","LG GRAESER",""
430,0,"Germany","LG HILDEBRANDT",""
430,1,"USA","MG EAGLES","?"
431,0,"USA","MG EAGLES","?"
431,1,"Germany","GEN MACKENSEN","http://en.wikipedia.org/wiki/August_von_Mackensen"
432,0,"Great Britain","MG TEMPLER",""
432,1,"Germany","GEN PFEIFFER",""
433,0,"USA","MG EAGLES","?"
433,1,"Germany","LG BOURQUIN",""
434,0,"Germany","MG STEINMETZ","?"
434,1,"USA","MG SLOAN","?"
435,0,"Germany","MG STEINMETZ","?"
435,1,"USA","MG COULTER","http://en.wikipedia.org/wiki/John_B._Coulter"
436,0,"Germany","MG STEINMETZ","?"
436,1,"USA","MG COULTER","http://en.wikipedia.org/wiki/John_B._Coulter"
437,0,"Germany","MG STEINMETZ","?"
437,1,"USA","MG SLOAN","?"
438,0,"Germany","MG STEINMETZ","?"
438,1,"USA","MG COULTER","http://en.wikipedia.org/wiki/John_B._Coulter"
439,0,"Germany","MG STEINMETZ","?"
439,1,"USA","MG SLOAN","?"
440,0,"Germany","MG STEINMETZ","?"
440,1,"USA","MG SLOAN","?"
441,0,"Germany","MG STEINMETZ","?"
441,1,"USA","MG COULTER","http://en.wikipedia.org/wiki/John_B._Coulter"
442,0,"Germany","COL TRETTNER",""
442,1,"Great Britain","MG GREGSON-ELLIS",""
443,0,"Germany","MG ZIEHLBERG",""
443,1,"Great Britain","MG PENNEY",""
444,0,"Germany","MG BAADE",""
444,1,"USA","MG HARMON","http://en.wikipedia.org/wiki/Ernest_N._Harmon"
445,0,"Germany","LG GREINER",""
445,1,"USA","MG O'DANIEL","http://en.wikipedia.org/wiki/John_W._O%27Daniel"
446,0,"Germany","MG FRIES",""
446,1,"USA","MG COULTER","http://en.wikipedia.org/wiki/John_B._Coulter"
447,0,"Germany","LG GREINER",""
447,1,"USA","MG HARMON","http://en.wikipedia.org/wiki/Ernest_N._Harmon"
448,0,"Germany","MG ZIEHLBERG",""
448,1,"USA","MG EAGLES","?"
449,0,"Germany","MG BAADE",""
449,1,"USA","MG RYDER","http://en.wikipedia.org/wiki/Charles_W._Ryder"
450,0,"Germany","COL TRETTNER",""
450,1,"Great Britain","MG GREGSON-ELLIS",""
451,0,"Germany","MG BAADE",""
451,1,"USA","MG HARMON","http://en.wikipedia.org/wiki/Ernest_N._Harmon"
452,0,"Germany","MG BAADE",""
452,1,"USA","MG RYDER","http://en.wikipedia.org/wiki/Charles_W._Ryder"
453,0,"Germany","MG SCHMALTZ",""
453,1,"USA","MG COULTER","http://en.wikipedia.org/wiki/John_B._Coulter"
454,0,"Germany","MG ZIEHLBERG",""
454,1,"USA","MG EAGLES","?"
455,0,"Germany","MG SCHMALTZ",""
455,1,"USA","MG O'DANIEL","http://en.wikipedia.org/wiki/John_W._O%27Daniel"
456,0,"Germany","COL TRETTNER",""
456,1,"Great Britain","MG PENNEY",""
457,0,"Germany","GEN SCHLEMM",""
457,1,"USA","MG COULTER","http://en.wikipedia.org/wiki/John_B._Coulter"
458,0,"Germany","GEN MEINDL",""
458,1,"USA","MG GERHARDT","http://en.wikipedia.org/wiki/Charles_H._Gerhardt"
459,0,"Germany","GEN EBERBACH",""
459,1,"Great Britain","LG DEMPSEY",""
460,0,"Germany","LG CHOLITZ",""
460,1,"USA","MG COLLINS","http://en.wikipedia.org/wiki/J._Lawton_Collins"
461,0,"USA","MG HOBBS","http://en.wikipedia.org/wiki/Leland_Hobbs"
461,1,"Germany","GEN FUNCK",""
462,0,"Germany","GEN CHEVALLERIE",""
462,1,"USA","MG SILVESTER","?"
463,0,"Germany","GEN MACHOLZ",""
463,1,"USA","MG SILVESTER","?"
464,0,"Germany","GEN CHEVALLERIE",""
464,1,"USA","MG WALKER","http://en.wikipedia.org/wiki/Walton_Walker"
465,0,"Germany","GEN KNOBELSDORF",""
465,1,"USA","MG WALKER","http://en.wikipedia.org/wiki/Walton_Walker"
466,0,"Germany","GEN KNOBELSDORF",""
466,1,"USA","MG WALKER","http://en.wikipedia.org/wiki/Walton_Walker"
467,0,"USA","MG WOOD",""
467,1,"Germany","GEN KRUEGER",""
468,0,"Germany","GEN KOECHLING",""
468,1,"USA","MG CORLETT","http://en.wikipedia.org/wiki/Charles_H._Corlett"
469,0,"Germany","GEN STRAUBE","http://en.wikipedia.org/wiki/Erich_Straube"
469,1,"USA","MG COTA","http://en.wikipedia.org/wiki/Norman_Cota"
470,0,"Germany","GEN BALCK",""
470,1,"USA","MG EDDY","http://en.wikipedia.org/wiki/Manton_S._Eddy"
471,0,"Germany","LG PRIESS",""
471,1,"USA","MG WOOD","http://en.wikipedia.org/wiki/John_Shirley_Wood"
472,0,"Germany","LG WIETERSHEIM",""
472,1,"USA","BG DAGER","?"
473,0,"Germany","LG PRIESS",""
473,1,"USA","MG EDDY","http://en.wikipedia.org/wiki/Manton_S._Eddy"
474,0,"Germany","LG WIETERSHEIM",""
474,1,"USA","LCOL ABRAMS",""
475,0,"Germany","LG SIMON",""
475,1,"USA","MG EDDY","http://en.wikipedia.org/wiki/Manton_S._Eddy"
476,0,"Germany","LG BAYERLEIN",""
476,1,"USA","BG DAGER","?"
477,0,"Germany","LG BAYERLEIN",""
477,1,"USA","MG WOOD","http://en.wikipedia.org/wiki/John_Shirley_Wood"
478,0,"Germany","LG BAYERLEIN",""
478,1,"USA","MG WOOD","http://en.wikipedia.org/wiki/John_Shirley_Wood"
479,0,"Germany","LG SIMON",""
479,1,"USA","MG EDDY","http://en.wikipedia.org/wiki/Manton_S._Eddy"
480,0,"Germany","COL BURMEISTER",""
480,1,"USA","MG WOOD","http://en.wikipedia.org/wiki/John_Shirley_Wood"
481,0,"Germany","LG SIMON",""
481,1,"USA","MG EDDY","http://en.wikipedia.org/wiki/Manton_S._Eddy"
482,0,"Germany","COL BURMEISTER",""
482,1,"USA","MG GAFFEY","http://en.wikipedia.org/wiki/Hugh_Joseph_Gaffey"
483,0,"USA","MG BARTON",""
483,1,"Germany","MG SENSFUSS",""
484,0,"USA","BG HASBROUCK","?"
484,1,"Germany","GEN LUCHT",""
485,0,"USA","COL ROBERTS","?"
485,1,"Germany","GEN VON LUETTWITZ",""
486,0,"France","GEN BILLOTTE",""
486,1,"Germany","GEN GUDERIAN",""
487,0,"Great Britain","MG MURRAY-LYON",""
487,1,"Japan","LG MATSUI",""
488,0,"USSR","GEN KIRPONOS",""
488,1,"Germany","GEN VON KLEIST",""
489,0,"USSR","MARSHAL STALIN",""
489,1,"Germany","FM VON BOCK",""
490,0,"Germany","FM VON BOCK",""
490,1,"USSR","MARSHAL STALIN",""
491,0,"Germany","GEN MODEL",""
491,1,"USSR","GEN REYTER",""
492,0,"Germany","GEN LINDEMANN",""
492,1,"USSR","GEN ROMANOVSKIY",""
493,0,"USSR","GEN CHISTYAKOV",""
493,1,"Germany","GEN KNOBELSDORFF",""
494,0,"USSR","LG CHISTYAKOV",""
494,1,"Germany","GEN HOTH",""
495,0,"USSR","GEN CHISTYAKOV",""
495,1,"Germany","GEN KNOBELSDORFF",""
496,0,"USSR","GEN CHISTYAKOV",""
496,1,"Germany","GEN KNOBELSDORFF",""
497,0,"Germany","GEN HAUSSER",""
497,1,"USSR","GEN KONEV",""
498,0,"Germany","GEN HOTH",""
498,1,"USSR","GEN VATUTIN",""
499,0,"Germany","LG TRIERENBERG",""
499,1,"USSR","GEN MANAGOROV",""
500,0,"Germany","GEN HOLLIDT",""
500,1,"USSR","GEN TOLBUKHIN",""
501,0,"Germany","GEN STEMMERMAN",""
501,1,"USSR","GEN VATUTIN",""
502,0,"Germany","",""
502,1,"USSR","",""
503,0,"Germany","GEN ALLMENDINGER",""
503,1,"USSR","GEN TOLBUKHIN",""
504,0,"Germany","",""
504,1,"USSR","LG OBUKHOV",""
505,0,"Germany","GEN HARPE",""
505,1,"USSR","MARSHAL KONEV",""
506,0,"Germany","",""
506,1,"USSR","MG TERTISHNIY",""
507,0,"Germany","",""
507,1,"USSR","MG TERTISHNIY",""
508,0,"Germany","",""
508,1,"USSR","MG VOLKOV",""
509,0,"Germany","",""
509,1,"USSR","MG VOLKOV",""
510,0,"Germany","GEN FRIESSNER",""
510,1,"USSR","GEN MALINOVSKY",""
511,0,"Germany","GFM HARPE",""
511,1,"USSR","MARSHAL ZHUKOV",""
512,0,"Germany","GEN REINHARDT",""
512,1,"USSR","MARSHAL ROKOSSOVSKIY",""
513,0,"Germany","",""
513,1,"USSR","GEN LYASHCHENKO",""
514,0,"Germany","",""
514,1,"USSR","GEN LYASHCHENKO",""
515,0,"Germany","",""
515,1,"USSR","MG ZALIZYUK",""
516,0,"Japan","GEN SELICHI",""
516,1,"USSR","COL GEN KRYLOV",""
517,0,"Japan","ADM SHIBASAKI",""
517,1,"USA","MG SMITH",""
518,0,"Japan","GEN KURIBAYASHI",""
518,1,"USA","MG SCHMIDT",""
519,0,"Japan","GEN KURIBAYASHI",""
519,1,"USA","COL LIVERSEDGE",""
520,0,"Japan","GEN KURIBAYASHI",""
520,1,"USA","GEN SMITH",""
521,0,"Japan","LCOL AOYANAGI","?"
521,1,"USA","MG ARNOLD","http://en.wikipedia.org/wiki/Archibald_V._Arnold"
522,0,"Japan","LG FUJIOKA","?"
522,1,"USA","MG ARNOLD","http://en.wikipedia.org/wiki/Archibald_V._Arnold"
523,0,"Japan","LG FUJIOKA","?"
523,1,"USA","MG ARNOLD","http://en.wikipedia.org/wiki/Archibald_V._Arnold"
524,0,"Japan","LG FUJIOKA","?"
524,1,"USA","MG ARNOLD","http://en.wikipedia.org/wiki/Archibald_V._Arnold"
525,0,"Japan","LCOL YOSHIDA","?"
525,1,"USA","MG ARNOLD","http://en.wikipedia.org/wiki/Archibald_V._Arnold"
526,0,"Japan","LCOL YOSHIDA","?"
526,1,"USA","MG ARNOLD","http://en.wikipedia.org/wiki/Archibald_V._Arnold"
527,0,"Japan","LCOL YOSHIDA","?"
527,1,"USA","MG ARNOLD","http://en.wikipedia.org/wiki/Archibald_V._Arnold"
528,0,"USA","MG ARNOLD","http://en.wikipedia.org/wiki/Archibald_V._Arnold"
528,1,"Japan","LG AMAMIYA","?"
529,0,"Japan","LG AMAMIYA","?"
529,1,"USA","MG ARNOLD","http://en.wikipedia.org/wiki/Archibald_V._Arnold"
530,0,"Japan","LG USHIJIMA","http://en.wikipedia.org/wiki/Mitsuru_Ushijima"
530,1,"USA","MG ARNOLD","http://en.wikipedia.org/wiki/Archibald_V._Arnold"
531,0,"USA","MG ARNOLD","http://en.wikipedia.org/wiki/Archibald_V._Arnold"
531,1,"Japan","LG AMAMIYA","?"
532,0,"Japan","LG AMAMIYA","?"
532,1,"USA","MG ARNOLD","http://en.wikipedia.org/wiki/Archibald_V._Arnold"
533,0,"Japan","LG AMAMIYA","?"
533,1,"USA","MG ARNOLD","http://en.wikipedia.org/wiki/Archibald_V._Arnold"
534,0,"Japan","LG USHIJIMA","http://en.wikipedia.org/wiki/Mitsuru_Ushijima"
534,1,"USA","MG ARNOLD","http://en.wikipedia.org/wiki/Archibald_V._Arnold"
535,0,"Japan","LG USHIJIMA","http://en.wikipedia.org/wiki/Mitsuru_Ushijima"
535,1,"USA","MG ARNOLD","http://en.wikipedia.org/wiki/Archibald_V._Arnold"
536,0,"Japan","LG USHIJIMA","http://en.wikipedia.org/wiki/Mitsuru_Ushijima"
536,1,"USA","MG ARNOLD","http://en.wikipedia.org/wiki/Archibald_V._Arnold"
537,0,"Japan","LG USHIJIMA","http://en.wikipedia.org/wiki/Mitsuru_Ushijima"
537,1,"USA","MG ARNOLD","http://en.wikipedia.org/wiki/Archibald_V._Arnold"
538,0,"Japan","LCOL AOYANAGI","?"
538,1,"USA","MG BRADLEY","?"
539,0,"Japan","LG FUJIOKA","?"
539,1,"USA","MG BRADLEY","?"
540,0,"Japan","LG FUJIOKA","?"
540,1,"USA","MG BRADLEY","?"
541,0,"Japan","LG FUJIOKA","?"
541,1,"USA","MG BRADLEY","?"
542,0,"Japan","LG FUJIOKA","?"
542,1,"USA","MG BRADLEY","?"
543,0,"Japan","LG AMAMIYA","?"
543,1,"USA","MG BRADLEY","?"
544,0,"Japan","LG AMAMIYA","?"
544,1,"USA","MG BRADLEY","?"
545,0,"Japan","LG AMAMIYA","?"
545,1,"USA","MG BRADLEY","?"
546,0,"Japan","LG AMAMIYA","?"
546,1,"USA","MG BRADLEY","?"
547,0,"Japan","LG AMAMIYA","?"
547,1,"USA","MG BRADLEY","?"
548,0,"Japan","LG USHIJIMA","http://en.wikipedia.org/wiki/Mitsuru_Ushijima"
548,1,"USA","MG BRADLEY","?"
549,0,"Jordan","LCOL EL KHALIDI","?"
549,1,"Israel","BG PELED","http://en.wikipedia.org/wiki/Elad_Peled"
550,0,"Jordan","BG ATA AL","?"
550,1,"Israel","BG NARKISS","http://en.wikipedia.org/wiki/Uzi_Narkiss"
551,0,"Jordan","LCOL EL KHALIDI","?"
551,1,"Israel","BG PELED","http://en.wikipedia.org/wiki/Elad_Peled"
552,0,"Jordan","LCOL EL KHALIDI","?"
552,1,"Israel","COL RAM","?"
553,0,"Jordan","LCOL EL KHALIDI","?"
553,1,"Israel","BG PELED","http://en.wikipedia.org/wiki/Elad_Peled"
554,0,"Egypt","MG SOLIMAN","http://en.wikipedia.org/wiki/Mohamed_Hussein_Tantawi"
554,1,"Israel","BG TAL","http://en.wikipedia.org/wiki/Israel_Tal"
555,0,"Egypt","MG NASSER","http://en.wikipedia.org/wiki/Gamal_Abdel_Nasser"
555,1,"Israel","BG YOFFE","http://en.wikipedia.org/wiki/Avraham_Yoffe"
556,0,"Egypt","MG NAGUIB","?"
556,1,"Israel","BG SHARON","http://en.wikipedia.org/wiki/Ariel_Sharon"
557,0,"Egypt","MG SOLIMAN","http://en.wikipedia.org/wiki/Mohamed_Hussein_Tantawi"
557,1,"Israel","BG TAL","http://en.wikipedia.org/wiki/Israel_Tal"
558,0,"Egypt","MG NASSER","http://en.wikipedia.org/wiki/Gamal_Abdel_Nasser"
558,1,"Israel","BG YOFFE","http://en.wikipedia.org/wiki/Avraham_Yoffe"
559,0,"Palestine","MG HASNI","?"
559,1,"Israel","BG TAL","http://en.wikipedia.org/wiki/Israel_Tal"
560,0,"Egypt","MG GHOUL","?"
560,1,"Israel","BG YOFFE","http://en.wikipedia.org/wiki/Avraham_Yoffe"
561,0,"Israel","BG YOFFE","http://en.wikipedia.org/wiki/Avraham_Yoffe"
561,1,"Egypt","",""
562,0,"Egypt","MG GHOUL","?"
562,1,"Israel","BG TAL","http://en.wikipedia.org/wiki/Israel_Tal"
563,0,"Egypt","MG HASSAN","?"
563,1,"Israel","BG SHARON","http://en.wikipedia.org/wiki/Ariel_Sharon"
564,0,"Israel","COL GONEN","http://en.wikipedia.org/wiki/Shmuel_Gonen"
564,1,"Egypt","",""
565,0,"Syria","COL AMIR","?"
565,1,"Israel","COL EFRAT","?"
566,0,"Syria","BG TAYAN","?"
566,1,"Israel","COL RAM","?"
567,0,"Syria","COL AMIR","?"
567,1,"Israel","COL MENDLER","http://en.wikipedia.org/wiki/Albert_Mandler"
568,0,"Jordan","MG HADITHA","?"
568,1,"Israel","BG GONEN","http://en.wikipedia.org/wiki/Shmuel_Gonen"
569,0,"Israel","MG MENDLER","http://en.wikipedia.org/wiki/Albert_Mandler"
569,1,"Egypt","MG MAMOUN","http://en.wikipedia.org/wiki/Saad_Mamoun"
570,0,"Israel","MG MENDLER","http://en.wikipedia.org/wiki/Albert_Mandler"
570,1,"Egypt","MG WASSEL","http://en.wikipedia.org/wiki/Abdul_Munim_Wassel"
571,0,"Israel","MG MENDLER","http://en.wikipedia.org/wiki/Albert_Mandler"
571,1,"Egypt","MG MAMOUN","http://en.wikipedia.org/wiki/Saad_Mamoun"
572,0,"Israel","MG MENDLER","http://en.wikipedia.org/wiki/Albert_Mandler"
572,1,"Egypt","MG WASSEL","http://en.wikipedia.org/wiki/Abdul_Munim_Wassel"
573,0,"Egypt","MG MAMOUN","http://en.wikipedia.org/wiki/Saad_Mamoun"
573,1,"Israel","MG ADAN","http://en.wikipedia.org/wiki/Avraham_Adan"
574,0,"Israel","MG GONEN","http://en.wikipedia.org/wiki/Shmuel_Gonen"
574,1,"Egypt","MG MAMOUN","http://en.wikipedia.org/wiki/Saad_Mamoun"
575,0,"Israel","BG MAGEN","?"
575,1,"Egypt","MG WASSEL","http://en.wikipedia.org/wiki/Abdul_Munim_Wassel"
576,0,"Egypt","BG HAFIZ","?"
576,0,"Egypt","BG OWBY",""
576,1,"Israel","MG SHARON","http://en.wikipedia.org/wiki/Ariel_Sharon"
577,0,"Egypt","BG HAFIZ","?"
577,1,"Israel","MG ADAN","http://en.wikipedia.org/wiki/Avraham_Adan"
578,0,"Egypt","MG KALIL","http://en.wikipedia.org/wiki/Abd-Al-Minaam_Khaleel"
578,1,"Israel","MG ADAN","http://en.wikipedia.org/wiki/Avraham_Adan"
579,0,"Egypt","MG KALIL","http://en.wikipedia.org/wiki/Abd-Al-Minaam_Khaleel"
579,1,"Israel","MG SHARON","http://en.wikipedia.org/wiki/Ariel_Sharon"
580,0,"Egypt","MG WASSEL","http://en.wikipedia.org/wiki/Abdul_Munim_Wassel"
580,1,"Israel","MG ADAN","http://en.wikipedia.org/wiki/Avraham_Adan"
581,0,"Egypt","MG WASSEL","http://en.wikipedia.org/wiki/Abdul_Munim_Wassel"
581,1,"Israel","MG ADAN","http://en.wikipedia.org/wiki/Avraham_Adan"
582,0,"Egypt","MG WASSEL","http://en.wikipedia.org/wiki/Abdul_Munim_Wassel"
582,1,"Israel","MG ADAN","http://en.wikipedia.org/wiki/Avraham_Adan"
583,0,"Egypt","MG WASSEL","http://en.wikipedia.org/wiki/Abdul_Munim_Wassel"
583,1,"Israel","MG ADAN","http://en.wikipedia.org/wiki/Avraham_Adan"
584,0,"Egypt","MG WASSEL","http://en.wikipedia.org/wiki/Abdul_Munim_Wassel"
584,1,"Israel","BG MAGEN","?"
585,0,"Israel","COL BEN GAL","http://en.wikipedia.org/wiki/Avigdor_Ben-Gal"
585,1,"Syria","COL TOURKMANI","?"
586,0,"Israel","COL BEN GAL","http://en.wikipedia.org/wiki/Avigdor_Ben-Gal"
586,1,"Syria","BG ABRASH","?"
587,0,"Israel","COL BEN SHOHAM","?"
587,1,"Syria","BG ASLAN","?"
588,0,"Israel","MG LANER","?"
588,1,"Syria","BG ASLAN","?"
589,0,"Israel","COL OR","?"
589,1,"Syria","COL JUHNI","?"
590,0,"Syria","BG ASLAN","?"
590,1,"Israel","MG PELED","http://en.wikipedia.org/wiki/Elad_Peled"
591,0,"Syria","COL TOURKMANI","?"
591,1,"Israel","MG LANER","?"
592,0,"Israel","COL BEN GAL","http://en.wikipedia.org/wiki/Avigdor_Ben-Gal"
592,1,"Syria","BG ABRASH","?"
593,0,"Syria","","?"
593,1,"Israel","COL DRORI","http://en.wikipedia.org/wiki/Amir_Drori"
594,0,"Syria","BG BERAKDAR","?"
594,1,"Israel","BG EITAN","?"
595,0,"Syria","COL JUHNI","?"
595,1,"Israel","MG LANER","?"
596,0,"Israel","MG LANER","?"
596,1,"Iraq","BG LAFTA","?"
597,0,"Israel","BG LAFTA","?"
597,1,"Israel","MG LANER","?"
598,0,"Israel","MG LANER","?"
598,1,"Jordan","BG EL MAJALI","?"
599,0,"Israel","MG PELED","http://en.wikipedia.org/wiki/Elad_Peled"
599,1,"Syria","COL TOURKMANI","?"
600,0,"Syria","","?"
600,1,"Israel","COL DRORI","http://en.wikipedia.org/wiki/Amir_Drori"
601,0,"Syria","","?"
601,1,"Israel","COL DRORI","http://en.wikipedia.org/wiki/Amir_Drori"
602,0,"USA","BG MCQUILLION",""
602,1,"Germany","GEN ZIEGLER","http://en.wikipedia.org/wiki/Heinz_Ziegler"
603,0,"Germany","GEN ZIEGLER","http://en.wikipedia.org/wiki/Heinz_Ziegler"
603,1,"USA","COL STACK",""
604,0,"USA","COL STARK",""
604,1,"Germany","FM ROMMEL","http://en.wikipedia.org/wiki/Erwin_Rommel"
605,0,"Germany","GEN RODT","http://en.wikipedia.org/wiki/Eberhard_Rodt"
605,1,"USA","COL WYATT",""
606,0,"Germany","GEN RODT","http://en.wikipedia.org/wiki/Eberhard_Rodt"
606,1,"USA","COL WYATT",""
607,0,"Germany","GEN RODT","http://en.wikipedia.org/wiki/Eberhard_Rodt"
607,1,"USA","COL MARTIN",""
608,0,"Germany","GEN RODT","http://en.wikipedia.org/wiki/Eberhard_Rodt"
608,1,"USA","COL MARTIN",""
609,0,"USA","COL BROWN",""
609,1,"Germany","GEN MACKENSON",""
610,0,"USA","COL KAMMERER",""
610,1,"Germany","GEN MACKENSON",""
611,0,"USA","COL DULANEY",""
611,1,"Germany","GEN MACKENSON",""
612,0,"USA","COL JOHNSON",""
612,1,"Germany","GEN LUETTWITZ",""
613,0,"USA","COL BIRKS",""
613,1,"Germany","COL BAUM",""
614,0,"Germany","GEN STRAUBE","http://en.wikipedia.org/wiki/Erich_Straube"
614,1,"USA","COL PETERSON",""
615,0,"Germany","GEN STRAUBE","http://en.wikipedia.org/wiki/Erich_Straube"
615,1,"USA","COL SEELY",""
616,0,"Germany","GEN STRAUBE","http://en.wikipedia.org/wiki/Erich_Straube"
616,1,"USA","COL STRICKLER",""
617,0,"Germany","",""
617,1,"USA","COL HIRSCHFELDER",""
618,0,"USA","COL TUTTLE",""
618,1,"Germany","COL KRAAS",""
619,0,"USA","COL BOOS",""
619,1,"Germany","COL KRAAS",""
620,0,"USA","COL CAVENDER",""
620,1,"Germany","COL HOFFMAN-SCHONBORN",""
621,0,"USA","COL REID",""
621,1,"Germany","GEN KITTEL",""
622,0,"USA","COL DEVINE",""
622,1,"Germany","COL HOFFMAN-SCHONBORN",""
623,0,"USA","COL DESCHENNEUX",""
623,1,"Germany","COL HOFFMAN-SCHONBORN",""
624,0,"USA","COL FULLER",""
624,1,"Germany","GEN LUETTWITZ",""
625,0,"USA","COL NELSON",""
625,1,"Germany","GEN KRUEGER",""
626,0,"USA","",""
626,1,"North Korea","",""
627,0,"North Korea","",""
627,1,"USA","",""
628,0,"North Korea","",""
628,1,"USA","",""
629,0,"North Korea","",""
629,1,"USA","",""
630,0,"North Korea","",""
630,1,"USA","",""
631,0,"North Korea","",""
631,1,"USA","",""
632,0,"North Korea","",""
632,1,"USA","",""
633,0,"North Korea","",""
633,1,"USA","",""
634,0,"USA","",""
634,1,"North Korea","",""
635,0,"USA","",""
635,1,"North Korea","",""
636,0,"North Korea","",""
636,1,"USA","",""
637,0,"Germany","",""
637,1,"USSR","",""
638,0,"Israel","",""
638,1,"Syria","",""
639,0,"Israel","",""
639,1,"Syria","",""
640,0,"Syria","",""
640,1,"Israel","",""
641,0,"Syria","",""
641,1,"Israel","",""
642,0,"Syria","",""
642,1,"Israel","",""
643,0,"Syria","",""
643,1,"Israel","",""
644,0,"Germany","",""
644,1,"Great Britain","",""
645,0,"Syria","",""
645,1,"Israel","",""
646,0,"Egypt","",""
646,1,"Israel","",""
647,0,"Egypt","",""
647,1,"Israel","",""
648,0,"Egypt","",""
648,1,"Israel","",""
649,0,"Egypt","",""
649,1,"Israel","",""
650,0,"Egypt","",""
650,1,"Israel","",""
651,0,"Egypt","",""
651,1,"Israel","",""
652,0,"Egypt","",""
652,1,"Israel","",""
653,0,"Egypt","",""
653,1,"Israel","",""
654,0,"South Vietnam","",""
654,1,"North Vietnam","",""
655,0,"Jordan","",""
655,1,"Israel","",""
656,0,"Jordan","",""
656,1,"Israel","",""
657,0,"France","",""
657,1,"Germany","",""
658,0,"France","",""
658,1,"Germany","",""
659,0,"Germany","",""
659,1,"Great Britain","",""
660,0,"Germany","",""
660,1,"France","",""
